# Created by FreeCAD <http://www.freecad.org>
v 20.502525 20.502525 0.000000
v 22.990873 18.133421 0.000000
v -20.000000 -20.000000 0.000000
v 18.133421 22.990873 0.000000
v 25.592470 15.889268 0.000000
v 15.889268 25.592470 0.000000
v 28.301048 13.775473 0.000000
v 13.775473 28.301048 0.000000
v 31.110085 11.797127 0.000000
v 11.797127 31.110085 0.000000
v 34.012810 9.958998 0.000000
v 9.958998 34.012810 0.000000
v 37.002228 8.265512 0.000000
v 8.265512 37.002228 0.000000
v 40.071144 6.720749 0.000000
v 6.720749 40.071144 0.000000
v 43.212158 5.328433 0.000000
v 5.328433 43.212158 0.000000
v 46.417709 4.091916 0.000000
v 4.091916 46.417709 0.000000
v 49.680073 3.014177 0.000000
v 3.014177 49.680073 0.000000
v 52.991386 2.097812 0.000000
v 2.097812 52.991386 0.000000
v 56.343678 1.345030 0.000000
v 1.345030 56.343678 0.000000
v 59.728867 0.757644 0.000000
v 0.757644 59.728867 0.000000
v 63.138802 0.337069 0.000000
v 0.337069 63.138802 0.000000
v 66.565262 0.084318 0.000000
v 0.084318 66.565262 0.000000
v 70.000000 -0.000000 0.000000
v 140.000000 -20.000000 0.000000
v -20.000000 140.000000 0.000000
v -0.000000 70.000000 0.000000
v -205.000000 260.000000 0.000000
v -120.000000 240.000000 0.000000
v -225.000000 240.000000 0.000000
v 140.000000 0.000000 0.000000
v -100.000000 260.000000 0.000000
v -115.093231 239.879547 0.000000
v -110.198288 239.518478 0.000000
v -105.326950 238.917648 0.000000
v -100.490967 238.078522 0.000000
v 0.000000 160.000000 0.000000
v -21.921473 159.509033 0.000000
v -21.082350 154.673050 0.000000
v -20.481527 149.801712 0.000000
v -20.120455 144.906769 0.000000
v -0.120454 164.906769 0.000000
v -22.996874 164.298019 0.000000
v -95.093231 259.879547 0.000000
v -95.701981 237.003128 0.000000
v -24.305967 169.028473 0.000000
v -0.481527 169.801712 0.000000
v -90.198288 259.518463 0.000000
v -90.971535 235.694031 0.000000
v -1.082349 174.673050 0.000000
v -85.326950 258.917664 0.000000
v -25.845594 173.688980 0.000000
v -1.921472 179.509033 0.000000
v -80.490967 258.078522 0.000000
v -86.311012 234.154404 0.000000
v -27.612047 178.268341 0.000000
v -2.996875 184.298019 0.000000
v -75.701981 257.003113 0.000000
v -81.731659 232.387955 0.000000
v -4.305966 189.028473 0.000000
v -29.601070 182.755508 0.000000
v -70.971535 255.694031 0.000000
v -77.244492 230.398926 0.000000
v -5.845593 193.688980 0.000000
v -31.807873 187.139679 0.000000
v -66.311012 254.154404 0.000000
v -72.860329 228.192123 0.000000
v -7.612047 198.268341 0.000000
v -61.731655 252.387955 0.000000
v -9.601070 202.755508 0.000000
v -34.227139 191.410278 0.000000
v -57.244492 250.398926 0.000000
v -68.589729 225.772858 0.000000
v -52.860325 248.192123 0.000000
v -64.442978 223.146957 0.000000
v -11.807874 207.139679 0.000000
v -36.853039 195.557022 0.000000
v -14.227139 211.410278 0.000000
v -39.679245 199.569931 0.000000
v -48.589725 245.772858 0.000000
v -60.430069 220.320755 0.000000
v -16.853039 215.557022 0.000000
v -44.442978 243.146957 0.000000
v -19.679247 219.569931 0.000000
v -42.698956 203.439331 0.000000
v -40.430069 240.320755 0.000000
v -56.560673 217.301041 0.000000
v -22.698956 223.439331 0.000000
v -45.904888 207.155899 0.000000
v -36.560673 237.301041 0.000000
v -52.844105 214.095108 0.000000
v -25.904888 227.155899 0.000000
v -49.289322 210.710678 0.000000
v -32.844105 234.095108 0.000000
v -29.289322 230.710678 0.000000
v -225.000000 620.000000 0.000000
v -205.000000 600.000000 0.000000
v -204.903641 603.925415 0.000000
v -204.614777 607.841370 0.000000
v -204.134125 611.738464 0.000000
v -203.462830 615.607239 0.000000
v -224.903641 623.925415 0.000000
v -202.602493 619.438416 0.000000
v -224.614777 627.841370 0.000000
v -201.555222 623.222778 0.000000
v -224.134125 631.738464 0.000000
v -223.462830 635.607239 0.000000
v -200.323532 626.951172 0.000000
v -222.602493 639.438416 0.000000
v -198.910370 630.614685 0.000000
v -221.555222 643.222778 0.000000
v -197.319138 634.204407 0.000000
v -220.323532 646.951172 0.000000
v -218.910370 650.614685 0.000000
v -195.553696 637.711731 0.000000
v -217.319138 654.204407 0.000000
v -193.618286 641.128235 0.000000
v -215.553696 657.711731 0.000000
v -213.618286 661.128235 0.000000
v -191.517563 644.445618 0.000000
v -211.517563 664.445618 0.000000
v -189.256607 647.655945 0.000000
v -209.256607 667.655945 0.000000
v -186.840836 650.751465 0.000000
v -206.840836 670.751465 0.000000
v -184.276093 653.724731 0.000000
v -204.276093 673.724731 0.000000
v -181.568542 656.568542 0.000000
v -201.568542 676.568542 0.000000
v -198.724716 679.276062 0.000000
v -178.724716 659.276062 0.000000
v -195.751465 681.840820 0.000000
v -175.751465 661.840820 0.000000
v -192.655945 684.256592 0.000000
v -189.445618 686.517578 0.000000
v -172.655945 664.256592 0.000000
v -186.128220 688.618286 0.000000
v -169.445618 666.517578 0.000000
v -182.711746 690.553711 0.000000
v -166.128220 668.618286 0.000000
v -179.204407 692.319153 0.000000
v -175.614670 693.910339 0.000000
v -162.711746 670.553711 0.000000
v -171.951187 695.323547 0.000000
v -159.204407 672.319153 0.000000
v -168.222778 696.555237 0.000000
v -164.438416 697.602478 0.000000
v -155.614670 673.910339 0.000000
v -160.607224 698.462830 0.000000
v -151.951187 675.323547 0.000000
v -156.738434 699.134094 0.000000
v -148.222778 676.555237 0.000000
v -152.841370 699.614807 0.000000
v -148.925415 699.903625 0.000000
v -144.438416 677.602478 0.000000
v -145.000000 700.000000 0.000000
v -140.607224 678.462830 0.000000
v -136.738434 679.134094 0.000000
v -132.841370 679.614807 0.000000
v -128.925415 679.903625 0.000000
v -125.000000 680.000000 0.000000
v 834.261292 0.000000 0.000000
v 904.261292 -0.000000 0.000000
v 834.261292 -20.000000 0.000000
v 907.696045 0.084318 0.000000
v 956.127869 22.990873 0.000000
v 1000.000000 -20.000000 0.000000
v 953.758789 20.502525 0.000000
v 951.270447 18.133421 0.000000
v 948.668823 15.889268 0.000000
v 945.960266 13.775473 0.000000
v 943.151245 11.797127 0.000000
v 940.248535 9.958998 0.000000
v 937.259094 8.265512 0.000000
v 934.190186 6.720749 0.000000
v 931.049133 5.328433 0.000000
v 927.843628 4.091916 0.000000
v 924.581238 3.014177 0.000000
v 921.269897 2.097812 0.000000
v 917.917664 1.345030 0.000000
v 914.532471 0.757644 0.000000
v 911.122498 0.337069 0.000000
v 958.372070 25.592470 0.000000
v 960.485840 28.301048 0.000000
v 962.464172 31.110085 0.000000
v 964.302307 34.012810 0.000000
v 965.995789 37.002228 0.000000
v 967.540588 40.071144 0.000000
v 968.932861 43.212158 0.000000
v 970.169373 46.417709 0.000000
v 971.247131 49.680073 0.000000
v 972.163513 52.991386 0.000000
v 972.916260 56.343678 0.000000
v 973.503662 59.728867 0.000000
v 973.924255 63.138802 0.000000
v 974.177002 66.565262 0.000000
v 974.261292 160.000000 0.000000
v 1000.000000 140.000000 0.000000
v 974.261292 70.000000 0.000000
v 1000.120483 144.906769 0.000000
v 1000.481506 149.801712 0.000000
v 1001.082336 154.673050 0.000000
v 974.381775 164.906769 0.000000
v 1001.921448 159.509033 0.000000
v 974.742859 169.801712 0.000000
v 1002.996887 164.298019 0.000000
v 975.343689 174.673050 0.000000
v 976.182800 179.509033 0.000000
v 1004.305969 169.028473 0.000000
v 977.258179 184.298019 0.000000
v 1005.845581 173.688980 0.000000
v 978.567261 189.028473 0.000000
v 1007.612061 178.268341 0.000000
v 980.106934 193.688980 0.000000
v 981.873352 198.268341 0.000000
v 1009.601074 182.755508 0.000000
v 983.862366 202.755508 0.000000
v 1011.807861 187.139679 0.000000
v 986.069214 207.139679 0.000000
v 1014.227112 191.410278 0.000000
v 988.488464 211.410278 0.000000
v 991.114380 215.557022 0.000000
v 1016.853027 195.557022 0.000000
v 993.940552 219.569931 0.000000
v 1019.679260 199.569931 0.000000
v 996.960266 223.439331 0.000000
v 1022.698975 203.439331 0.000000
v 1000.166199 227.155899 0.000000
v 1025.904907 207.155899 0.000000
v 1003.550659 230.710678 0.000000
v 1029.289307 210.710678 0.000000
v 1007.105408 234.095108 0.000000
v 1010.821960 237.301041 0.000000
v 1032.844116 214.095108 0.000000
v 1014.691406 240.320755 0.000000
v 1036.560669 217.301041 0.000000
v 1018.704285 243.146957 0.000000
v 1040.430054 220.320755 0.000000
v 1022.851013 245.772858 0.000000
v 1027.121582 248.192123 0.000000
v 1044.442993 223.146957 0.000000
v 1031.505859 250.398926 0.000000
v 1048.589722 225.772858 0.000000
v 1035.992920 252.387955 0.000000
v 1040.572388 254.154404 0.000000
v 1052.860352 228.192123 0.000000
v 1045.232788 255.694031 0.000000
v 1057.244507 230.398926 0.000000
v 1049.963257 257.003113 0.000000
v 1061.731689 232.387955 0.000000
v 1054.752319 258.078522 0.000000
v 1066.311035 234.154404 0.000000
v 1059.588257 258.917664 0.000000
v 1064.459595 259.518463 0.000000
v 1070.971558 235.694031 0.000000
v 1069.354492 259.879547 0.000000
v 1075.702026 237.003128 0.000000
v 1080.490967 238.078522 0.000000
v 1074.261353 260.000000 0.000000
v 1085.326904 238.917648 0.000000
v 1090.198242 239.518478 0.000000
v 1095.093262 239.879547 0.000000
v 1100.000000 240.000000 0.000000
v 1205.000000 260.000000 0.000000
v 1225.000000 240.000000 0.000000
v 1205.000000 600.000000 0.000000
v 1204.614746 607.841370 0.000000
v 1225.000000 620.000000 0.000000
v 1204.903687 603.925415 0.000000
v 1202.602539 619.438416 0.000000
v 1203.462769 615.607239 0.000000
v 1204.134155 611.738464 0.000000
v 1125.000000 680.000000 0.000000
v 1145.000000 700.000000 0.000000
v 1128.925415 679.903625 0.000000
v 1132.841431 679.614807 0.000000
v 1136.738403 679.134094 0.000000
v 1140.607178 678.462830 0.000000
v 1144.438354 677.602478 0.000000
v 1148.925415 699.903625 0.000000
v 1148.222778 676.555237 0.000000
v 1224.903687 623.925415 0.000000
v 1201.555176 623.222778 0.000000
v 1152.841431 699.614807 0.000000
v 1224.614746 627.841370 0.000000
v 1156.738403 699.134094 0.000000
v 1151.951172 675.323547 0.000000
v 1224.134155 631.738464 0.000000
v 1200.323486 626.951172 0.000000
v 1160.607178 698.462830 0.000000
v 1155.614624 673.910339 0.000000
v 1223.462769 635.607239 0.000000
v 1198.910400 630.614685 0.000000
v 1164.438354 697.602478 0.000000
v 1159.204468 672.319153 0.000000
v 1222.602539 639.438416 0.000000
v 1197.319092 634.204407 0.000000
v 1168.222778 696.555237 0.000000
v 1221.555176 643.222778 0.000000
v 1171.951172 695.323547 0.000000
v 1162.711792 670.553711 0.000000
v 1220.323486 646.951172 0.000000
v 1195.553711 637.711731 0.000000
v 1175.614624 693.910339 0.000000
v 1166.128174 668.618286 0.000000
v 1218.910400 650.614685 0.000000
v 1193.618286 641.128235 0.000000
v 1179.204468 692.319153 0.000000
v 1217.319092 654.204407 0.000000
v 1182.711792 690.553711 0.000000
v 1169.445679 666.517578 0.000000
v 1215.553711 657.711731 0.000000
v 1191.517578 644.445618 0.000000
v 1186.128174 688.618286 0.000000
v 1172.655884 664.256592 0.000000
v 1189.256592 647.655945 0.000000
v 1213.618286 661.128235 0.000000
v 1189.445679 686.517578 0.000000
v 1175.751465 661.840820 0.000000
v 1186.840820 650.751465 0.000000
v 1211.517578 664.445618 0.000000
v 1192.655884 684.256592 0.000000
v 1209.256592 667.655945 0.000000
v 1195.751465 681.840820 0.000000
v 1178.724731 659.276062 0.000000
v 1206.840820 670.751465 0.000000
v 1184.276123 653.724731 0.000000
v 1198.724731 679.276062 0.000000
v 1181.568604 656.568542 0.000000
v 1204.276123 673.724731 0.000000
v 1201.568604 676.568542 0.000000
v 1145.000000 700.000000 500.000000
v -145.000000 700.000000 500.000000
v 1148.925415 699.903625 500.000000
v 1152.841431 699.614807 500.000000
v 1156.738403 699.134094 500.000000
v 1160.607178 698.462830 500.000000
v 1164.438354 697.602478 500.000000
v 1168.222778 696.555237 500.000000
v 1171.951172 695.323547 500.000000
v 1175.614624 693.910339 500.000000
v 1179.204468 692.319153 500.000000
v 1182.711792 690.553711 500.000000
v 1186.128174 688.618286 500.000000
v 1189.445679 686.517578 500.000000
v 1192.655884 684.256592 500.000000
v 1195.751465 681.840820 500.000000
v 1198.724731 679.276062 500.000000
v 1201.568604 676.568542 500.000000
v 1204.276123 673.724731 500.000000
v 1206.840820 670.751465 500.000000
v 1209.256592 667.655945 500.000000
v 1211.517578 664.445618 500.000000
v 1213.618286 661.128235 500.000000
v 1215.553711 657.711731 500.000000
v 1217.319092 654.204407 500.000000
v 1218.910400 650.614685 500.000000
v 1220.323486 646.951172 500.000000
v 1221.555176 643.222778 500.000000
v 1222.602539 639.438416 500.000000
v 1223.462769 635.607239 500.000000
v 1224.134155 631.738464 500.000000
v 1224.614746 627.841370 500.000000
v 1224.903687 623.925415 500.000000
v 1225.000000 620.000000 500.000000
v -225.000000 620.000000 500.000000
v -224.903641 623.925415 500.000000
v -224.614777 627.841370 500.000000
v -224.134125 631.738464 500.000000
v -223.462830 635.607239 500.000000
v -222.602493 639.438416 500.000000
v -221.555222 643.222778 500.000000
v -220.323532 646.951172 500.000000
v -218.910370 650.614685 500.000000
v -217.319138 654.204407 500.000000
v -215.553696 657.711731 500.000000
v -213.618286 661.128235 500.000000
v -211.517563 664.445618 500.000000
v -209.256607 667.655945 500.000000
v -206.840836 670.751465 500.000000
v -204.276093 673.724731 500.000000
v -201.568542 676.568542 500.000000
v -198.724716 679.276062 500.000000
v -195.751465 681.840820 500.000000
v -192.655945 684.256592 500.000000
v -189.445618 686.517578 500.000000
v -186.128220 688.618286 500.000000
v -182.711746 690.553711 500.000000
v -179.204407 692.319153 500.000000
v -175.614670 693.910339 500.000000
v -171.951187 695.323547 500.000000
v -168.222778 696.555237 500.000000
v -164.438416 697.602478 500.000000
v -160.607224 698.462830 500.000000
v -156.738434 699.134094 500.000000
v -152.841370 699.614807 500.000000
v -148.925415 699.903625 500.000000
v 1225.000000 240.000000 500.000000
v -225.000000 240.000000 500.000000
v 1100.000000 240.000000 500.000000
v -120.000000 240.000000 500.000000
v 1000.120483 144.906769 500.000000
v 1000.000000 140.000000 500.000000
v 1000.481506 149.801712 500.000000
v 1001.082336 154.673050 500.000000
v 1001.921448 159.509033 500.000000
v 1002.996887 164.298019 500.000000
v 1004.305969 169.028473 500.000000
v 1005.845581 173.688980 500.000000
v 1007.612061 178.268341 500.000000
v 1009.601074 182.755508 500.000000
v 1011.807861 187.139679 500.000000
v 1014.227112 191.410278 500.000000
v 1016.853027 195.557022 500.000000
v 1019.679260 199.569931 500.000000
v 1022.698975 203.439331 500.000000
v 1025.904907 207.155899 500.000000
v 1029.289307 210.710678 500.000000
v 1032.844116 214.095108 500.000000
v 1036.560669 217.301041 500.000000
v 1040.430054 220.320755 500.000000
v 1044.442993 223.146957 500.000000
v 1048.589722 225.772858 500.000000
v 1052.860352 228.192123 500.000000
v 1057.244507 230.398926 500.000000
v 1061.731689 232.387955 500.000000
v 1066.311035 234.154404 500.000000
v 1070.971558 235.694031 500.000000
v 1075.702026 237.003128 500.000000
v 1080.490967 238.078522 500.000000
v 1085.326904 238.917648 500.000000
v 1090.198242 239.518478 500.000000
v 1095.093262 239.879547 500.000000
v -115.093231 239.879547 500.000000
v -110.198288 239.518478 500.000000
v -105.326950 238.917648 500.000000
v -100.490967 238.078522 500.000000
v -95.701981 237.003128 500.000000
v -90.971535 235.694031 500.000000
v -86.311012 234.154404 500.000000
v -81.731659 232.387955 500.000000
v -77.244492 230.398926 500.000000
v -72.860329 228.192123 500.000000
v -68.589729 225.772858 500.000000
v -64.442978 223.146957 500.000000
v -60.430069 220.320755 500.000000
v -56.560673 217.301041 500.000000
v -52.844105 214.095108 500.000000
v -49.289322 210.710678 500.000000
v -45.904888 207.155899 500.000000
v -42.698956 203.439331 500.000000
v -39.679245 199.569931 500.000000
v -36.853039 195.557022 500.000000
v -34.227139 191.410278 500.000000
v -31.807873 187.139679 500.000000
v -29.601070 182.755508 500.000000
v -27.612047 178.268341 500.000000
v -25.845594 173.688980 500.000000
v -24.305967 169.028473 500.000000
v -22.996874 164.298019 500.000000
v -21.921473 159.509033 500.000000
v -21.082350 154.673050 500.000000
v -20.481527 149.801712 500.000000
v -20.120455 144.906769 500.000000
v -20.000000 140.000000 500.000000
v 1000.000000 -20.000000 500.000000
v -20.000000 -20.000000 500.000000
v 834.261292 -20.000000 500.000000
v 140.000000 -20.000000 500.000000
v 834.261292 0.000000 500.000000
v 140.000000 0.000000 500.000000
v 904.261292 -0.000000 500.000000
v 70.000000 -0.000000 500.000000
v 974.177002 66.565262 500.000000
v 974.261292 70.000000 500.000000
v 973.924255 63.138802 500.000000
v 973.503662 59.728867 500.000000
v 972.916260 56.343678 500.000000
v 972.163513 52.991386 500.000000
v 971.247131 49.680073 500.000000
v 970.169373 46.417709 500.000000
v 968.932861 43.212158 500.000000
v 967.540588 40.071144 500.000000
v 965.995789 37.002228 500.000000
v 964.302307 34.012810 500.000000
v 962.464172 31.110085 500.000000
v 960.485840 28.301048 500.000000
v 958.372070 25.592470 500.000000
v 956.127869 22.990873 500.000000
v 953.758789 20.502525 500.000000
v 951.270447 18.133421 500.000000
v 948.668823 15.889268 500.000000
v 945.960266 13.775473 500.000000
v 943.151245 11.797127 500.000000
v 940.248535 9.958998 500.000000
v 937.259094 8.265512 500.000000
v 934.190186 6.720749 500.000000
v 931.049133 5.328433 500.000000
v 927.843628 4.091916 500.000000
v 924.581238 3.014177 500.000000
v 921.269897 2.097812 500.000000
v 917.917664 1.345030 500.000000
v 914.532471 0.757644 500.000000
v 911.122498 0.337069 500.000000
v 907.696045 0.084318 500.000000
v 0.084318 66.565262 500.000000
v -0.000000 70.000000 500.000000
v 0.337069 63.138802 500.000000
v 0.757644 59.728867 500.000000
v 1.345030 56.343678 500.000000
v 2.097812 52.991386 500.000000
v 3.014177 49.680073 500.000000
v 4.091916 46.417709 500.000000
v 5.328433 43.212158 500.000000
v 6.720749 40.071144 500.000000
v 8.265512 37.002228 500.000000
v 9.958998 34.012810 500.000000
v 11.797127 31.110085 500.000000
v 13.775473 28.301048 500.000000
v 15.889268 25.592470 500.000000
v 18.133421 22.990873 500.000000
v 20.502525 20.502525 500.000000
v 22.990873 18.133421 500.000000
v 25.592470 15.889268 500.000000
v 28.301048 13.775473 500.000000
v 31.110085 11.797127 500.000000
v 34.012810 9.958998 500.000000
v 37.002228 8.265512 500.000000
v 40.071144 6.720749 500.000000
v 43.212158 5.328433 500.000000
v 46.417709 4.091916 500.000000
v 49.680073 3.014177 500.000000
v 52.991386 2.097812 500.000000
v 56.343678 1.345030 500.000000
v 59.728867 0.757644 500.000000
v 63.138802 0.337069 500.000000
v 66.565262 0.084318 500.000000
v 974.261292 160.000000 500.000000
v 0.000000 160.000000 500.000000
v 974.381775 164.906769 500.000000
v 974.742859 169.801712 500.000000
v 975.343689 174.673050 500.000000
v 976.182800 179.509033 500.000000
v 977.258179 184.298019 500.000000
v 978.567261 189.028473 500.000000
v 980.106934 193.688980 500.000000
v 981.873352 198.268341 500.000000
v 983.862366 202.755508 500.000000
v 986.069214 207.139679 500.000000
v 988.488464 211.410278 500.000000
v 991.114380 215.557022 500.000000
v 993.940552 219.569931 500.000000
v 996.960266 223.439331 500.000000
v 1000.166199 227.155899 500.000000
v 1003.550659 230.710678 500.000000
v 1007.105408 234.095108 500.000000
v 1010.821960 237.301041 500.000000
v 1014.691406 240.320755 500.000000
v 1018.704285 243.146957 500.000000
v 1022.851013 245.772858 500.000000
v 1027.121582 248.192123 500.000000
v 1031.505859 250.398926 500.000000
v 1035.992920 252.387955 500.000000
v 1040.572388 254.154404 500.000000
v 1045.232788 255.694031 500.000000
v 1049.963257 257.003113 500.000000
v 1054.752319 258.078522 500.000000
v 1059.588257 258.917664 500.000000
v 1064.459595 259.518463 500.000000
v 1069.354492 259.879547 500.000000
v 1074.261353 260.000000 500.000000
v -0.120454 164.906769 500.000000
v -0.481527 169.801712 500.000000
v -1.082349 174.673050 500.000000
v -1.921472 179.509033 500.000000
v -2.996875 184.298019 500.000000
v -4.305966 189.028473 500.000000
v -5.845593 193.688980 500.000000
v -7.612047 198.268341 500.000000
v -9.601070 202.755508 500.000000
v -11.807874 207.139679 500.000000
v -14.227139 211.410278 500.000000
v -16.853039 215.557022 500.000000
v -19.679247 219.569931 500.000000
v -22.698956 223.439331 500.000000
v -25.904888 227.155899 500.000000
v -29.289322 230.710678 500.000000
v -32.844105 234.095108 500.000000
v -36.560673 237.301041 500.000000
v -40.430069 240.320755 500.000000
v -44.442978 243.146957 500.000000
v -48.589725 245.772858 500.000000
v -52.860325 248.192123 500.000000
v -57.244492 250.398926 500.000000
v -61.731655 252.387955 500.000000
v -66.311012 254.154404 500.000000
v -70.971535 255.694031 500.000000
v -75.701981 257.003113 500.000000
v -80.490967 258.078522 500.000000
v -85.326950 258.917664 500.000000
v -90.198288 259.518463 500.000000
v -95.093231 259.879547 500.000000
v -100.000000 260.000000 500.000000
v 1205.000000 260.000000 500.000000
v -205.000000 260.000000 500.000000
v 1205.000000 600.000000 500.000000
v -205.000000 600.000000 500.000000
v 1128.925415 679.903625 500.000000
v 1125.000000 680.000000 500.000000
v 1132.841431 679.614807 500.000000
v 1136.738403 679.134094 500.000000
v 1140.607178 678.462830 500.000000
v 1144.438354 677.602478 500.000000
v 1148.222778 676.555237 500.000000
v 1151.951172 675.323547 500.000000
v 1155.614624 673.910339 500.000000
v 1159.204468 672.319153 500.000000
v 1162.711792 670.553711 500.000000
v 1166.128174 668.618286 500.000000
v 1169.445679 666.517578 500.000000
v 1172.655884 664.256592 500.000000
v 1175.751465 661.840820 500.000000
v 1178.724731 659.276062 500.000000
v 1181.568604 656.568542 500.000000
v 1184.276123 653.724731 500.000000
v 1186.840820 650.751465 500.000000
v 1189.256592 647.655945 500.000000
v 1191.517578 644.445618 500.000000
v 1193.618286 641.128235 500.000000
v 1195.553711 637.711731 500.000000
v 1197.319092 634.204407 500.000000
v 1198.910400 630.614685 500.000000
v 1200.323486 626.951172 500.000000
v 1201.555176 623.222778 500.000000
v 1202.602539 619.438416 500.000000
v 1203.462769 615.607239 500.000000
v 1204.134155 611.738464 500.000000
v 1204.614746 607.841370 500.000000
v 1204.903687 603.925415 500.000000
v -204.903641 603.925415 500.000000
v -204.614777 607.841370 500.000000
v -204.134125 611.738464 500.000000
v -203.462830 615.607239 500.000000
v -202.602493 619.438416 500.000000
v -201.555222 623.222778 500.000000
v -200.323532 626.951172 500.000000
v -198.910370 630.614685 500.000000
v -197.319138 634.204407 500.000000
v -195.553696 637.711731 500.000000
v -193.618286 641.128235 500.000000
v -191.517563 644.445618 500.000000
v -189.256607 647.655945 500.000000
v -186.840836 650.751465 500.000000
v -184.276093 653.724731 500.000000
v -181.568542 656.568542 500.000000
v -178.724716 659.276062 500.000000
v -175.751465 661.840820 500.000000
v -172.655945 664.256592 500.000000
v -169.445618 666.517578 500.000000
v -166.128220 668.618286 500.000000
v -162.711746 670.553711 500.000000
v -159.204407 672.319153 500.000000
v -155.614670 673.910339 500.000000
v -151.951187 675.323547 500.000000
v -148.222778 676.555237 500.000000
v -144.438416 677.602478 500.000000
v -140.607224 678.462830 500.000000
v -136.738434 679.134094 500.000000
v -132.841370 679.614807 500.000000
v -128.925415 679.903625 500.000000
v -125.000000 680.000000 500.000000
vn 0.000000 -0.000000 -1.000000
vn 0.000000 0.000000 -1.000000
vn 0.000000 -0.000000 -1.000000
vn 0.000000 0.000000 -1.000000
vn 0.000000 -0.000000 -1.000000
vn 0.000000 0.000000 -1.000000
vn 0.000000 -0.000000 -1.000000
vn 0.000000 0.000000 -1.000000
vn 0.000000 -0.000000 -1.000000
vn 0.000000 0.000000 -1.000000
vn 0.000000 -0.000000 -1.000000
vn 0.000000 0.000000 -1.000000
vn 0.000000 -0.000000 -1.000000
vn 0.000000 0.000000 -1.000000
vn 0.000000 -0.000000 -1.000000
vn 0.000000 0.000000 -1.000000
vn 0.000000 -0.000000 -1.000000
vn 0.000000 0.000000 -1.000000
vn 0.000000 -0.000000 -1.000000
vn 0.000000 0.000000 -1.000000
vn 0.000000 -0.000000 -1.000000
vn 0.000000 0.000000 -1.000000
vn 0.000000 -0.000000 -1.000000
vn 0.000000 0.000000 -1.000000
vn 0.000000 -0.000000 -1.000000
vn 0.000000 0.000000 -1.000000
vn 0.000000 -0.000000 -1.000000
vn 0.000000 0.000000 -1.000000
vn 0.000000 -0.000000 -1.000000
vn 0.000000 0.000000 -1.000000
vn -0.000000 -0.000000 -1.000000
vn 0.000000 -0.000000 -1.000000
vn 0.000000 0.000000 -1.000000
vn 0.000000 0.000000 -1.000000
vn 0.000000 -0.000000 -1.000000
vn 0.000000 0.000000 -1.000000
vn 0.000000 0.000000 -1.000000
vn 0.000000 0.000000 -1.000000
vn 0.000000 0.000000 -1.000000
vn 0.000000 0.000000 -1.000000
vn 0.000000 0.000000 -1.000000
vn 0.000000 0.000000 -1.000000
vn 0.000000 0.000000 -1.000000
vn 0.000000 0.000000 -1.000000
vn 0.000000 0.000000 -1.000000
vn 0.000000 0.000000 -1.000000
vn 0.000000 0.000000 -1.000000
vn 0.000000 0.000000 -1.000000
vn 0.000000 0.000000 -1.000000
vn 0.000000 -0.000000 -1.000000
vn 0.000000 0.000000 -1.000000
vn 0.000000 0.000000 -1.000000
vn 0.000000 0.000000 -1.000000
vn 0.000000 -0.000000 -1.000000
vn 0.000000 0.000000 -1.000000
vn 0.000000 -0.000000 -1.000000
vn 0.000000 0.000000 -1.000000
vn 0.000000 0.000000 -1.000000
vn 0.000000 0.000000 -1.000000
vn 0.000000 -0.000000 -1.000000
vn 0.000000 0.000000 -1.000000
vn 0.000000 0.000000 -1.000000
vn 0.000000 0.000000 -1.000000
vn 0.000000 -0.000000 -1.000000
vn 0.000000 0.000000 -1.000000
vn 0.000000 0.000000 -1.000000
vn 0.000000 0.000000 -1.000000
vn 0.000000 -0.000000 -1.000000
vn 0.000000 0.000000 -1.000000
vn 0.000000 0.000000 -1.000000
vn 0.000000 -0.000000 -1.000000
vn 0.000000 0.000000 -1.000000
vn 0.000000 0.000000 -1.000000
vn 0.000000 -0.000000 -1.000000
vn 0.000000 0.000000 -1.000000
vn 0.000000 0.000000 -1.000000
vn 0.000000 -0.000000 -1.000000
vn 0.000000 0.000000 -1.000000
vn 0.000000 -0.000000 -1.000000
vn 0.000000 0.000000 -1.000000
vn 0.000000 0.000000 -1.000000
vn 0.000000 0.000000 -1.000000
vn 0.000000 0.000000 -1.000000
vn 0.000000 0.000000 -1.000000
vn 0.000000 -0.000000 -1.000000
vn 0.000000 0.000000 -1.000000
vn 0.000000 0.000000 -1.000000
vn 0.000000 -0.000000 -1.000000
vn 0.000000 0.000000 -1.000000
vn 0.000000 0.000000 -1.000000
vn 0.000000 -0.000000 -1.000000
vn 0.000000 0.000000 -1.000000
vn 0.000000 0.000000 -1.000000
vn 0.000000 0.000000 -1.000000
vn 0.000000 -0.000000 -1.000000
vn 0.000000 0.000000 -1.000000
vn 0.000000 0.000000 -1.000000
vn 0.000000 0.000000 -1.000000
vn 0.000000 -0.000000 -1.000000
vn 0.000000 0.000000 -1.000000
vn 0.000000 0.000000 -1.000000
vn 0.000000 -0.000000 -1.000000
vn 0.000000 0.000000 -1.000000
vn 0.000000 0.000000 -1.000000
vn 0.000000 0.000000 -1.000000
vn 0.000000 0.000000 -1.000000
vn 0.000000 0.000000 -1.000000
vn 0.000000 0.000000 -1.000000
vn 0.000000 -0.000000 -1.000000
vn 0.000000 0.000000 -1.000000
vn 0.000000 -0.000000 -1.000000
vn 0.000000 -0.000000 -1.000000
vn 0.000000 0.000000 -1.000000
vn 0.000000 -0.000000 -1.000000
vn 0.000000 0.000000 -1.000000
vn 0.000000 -0.000000 -1.000000
vn 0.000000 0.000000 -1.000000
vn 0.000000 -0.000000 -1.000000
vn 0.000000 -0.000000 -1.000000
vn 0.000000 0.000000 -1.000000
vn 0.000000 -0.000000 -1.000000
vn 0.000000 0.000000 -1.000000
vn 0.000000 -0.000000 -1.000000
vn 0.000000 -0.000000 -1.000000
vn 0.000000 0.000000 -1.000000
vn 0.000000 -0.000000 -1.000000
vn 0.000000 0.000000 -1.000000
vn 0.000000 -0.000000 -1.000000
vn 0.000000 0.000000 -1.000000
vn 0.000000 -0.000000 -1.000000
vn 0.000000 -0.000000 -1.000000
vn 0.000000 0.000000 -1.000000
vn 0.000000 0.000000 -1.000000
vn 0.000000 0.000000 -1.000000
vn 0.000000 0.000000 -1.000000
vn 0.000000 0.000000 -1.000000
vn 0.000000 0.000000 -1.000000
vn 0.000000 0.000000 -1.000000
vn 0.000000 0.000000 -1.000000
vn 0.000000 0.000000 -1.000000
vn 0.000000 0.000000 -1.000000
vn 0.000000 0.000000 -1.000000
vn 0.000000 0.000000 -1.000000
vn 0.000000 0.000000 -1.000000
vn 0.000000 0.000000 -1.000000
vn 0.000000 0.000000 -1.000000
vn 0.000000 0.000000 -1.000000
vn 0.000000 0.000000 -1.000000
vn 0.000000 0.000000 -1.000000
vn 0.000000 0.000000 -1.000000
vn 0.000000 0.000000 -1.000000
vn 0.000000 0.000000 -1.000000
vn 0.000000 0.000000 -1.000000
vn 0.000000 0.000000 -1.000000
vn 0.000000 0.000000 -1.000000
vn 0.000000 0.000000 -1.000000
vn 0.000000 0.000000 -1.000000
vn 0.000000 0.000000 -1.000000
vn 0.000000 0.000000 -1.000000
vn 0.000000 0.000000 -1.000000
vn 0.000000 0.000000 -1.000000
vn 0.000000 0.000000 -1.000000
vn 0.000000 0.000000 -1.000000
vn 0.000000 0.000000 -1.000000
vn 0.000000 0.000000 -1.000000
vn 0.000000 0.000000 -1.000000
vn 0.000000 0.000000 -1.000000
vn 0.000000 0.000000 -1.000000
vn 0.000000 0.000000 -1.000000
vn 0.000000 -0.000000 -1.000000
vn 0.000000 -0.000000 -1.000000
vn 0.000000 -0.000000 -1.000000
vn 0.000000 -0.000000 -1.000000
vn 0.000000 -0.000000 -1.000000
vn 0.000000 -0.000000 -1.000000
vn 0.000000 -0.000000 -1.000000
vn 0.000000 -0.000000 -1.000000
vn 0.000000 -0.000000 -1.000000
vn 0.000000 -0.000000 -1.000000
vn 0.000000 -0.000000 -1.000000
vn 0.000000 -0.000000 -1.000000
vn 0.000000 -0.000000 -1.000000
vn 0.000000 -0.000000 -1.000000
vn 0.000000 -0.000000 -1.000000
vn 0.000000 -0.000000 -1.000000
vn 0.000000 -0.000000 -1.000000
vn 0.000000 -0.000000 -1.000000
vn 0.000000 0.000000 -1.000000
vn 0.000000 0.000000 -1.000000
vn 0.000000 0.000000 -1.000000
vn 0.000000 0.000000 -1.000000
vn 0.000000 0.000000 -1.000000
vn 0.000000 0.000000 -1.000000
vn 0.000000 0.000000 -1.000000
vn 0.000000 0.000000 -1.000000
vn 0.000000 0.000000 -1.000000
vn 0.000000 0.000000 -1.000000
vn 0.000000 0.000000 -1.000000
vn 0.000000 0.000000 -1.000000
vn 0.000000 0.000000 -1.000000
vn 0.000000 0.000000 -1.000000
vn 0.000000 0.000000 -1.000000
vn 0.000000 -0.000000 -1.000000
vn 0.000000 0.000000 -1.000000
vn 0.000000 0.000000 -1.000000
vn 0.000000 0.000000 -1.000000
vn 0.000000 0.000000 -1.000000
vn 0.000000 -0.000000 -1.000000
vn 0.000000 0.000000 -1.000000
vn 0.000000 -0.000000 -1.000000
vn 0.000000 -0.000000 -1.000000
vn 0.000000 0.000000 -1.000000
vn 0.000000 -0.000000 -1.000000
vn 0.000000 0.000000 -1.000000
vn 0.000000 -0.000000 -1.000000
vn 0.000000 0.000000 -1.000000
vn 0.000000 -0.000000 -1.000000
vn 0.000000 -0.000000 -1.000000
vn 0.000000 0.000000 -1.000000
vn 0.000000 -0.000000 -1.000000
vn 0.000000 0.000000 -1.000000
vn 0.000000 -0.000000 -1.000000
vn 0.000000 0.000000 -1.000000
vn 0.000000 -0.000000 -1.000000
vn 0.000000 -0.000000 -1.000000
vn 0.000000 0.000000 -1.000000
vn 0.000000 -0.000000 -1.000000
vn 0.000000 0.000000 -1.000000
vn 0.000000 -0.000000 -1.000000
vn 0.000000 0.000000 -1.000000
vn 0.000000 0.000000 -1.000000
vn 0.000000 0.000000 -1.000000
vn 0.000000 0.000000 -1.000000
vn 0.000000 0.000000 -1.000000
vn 0.000000 0.000000 -1.000000
vn 0.000000 0.000000 -1.000000
vn 0.000000 0.000000 -1.000000
vn 0.000000 0.000000 -1.000000
vn 0.000000 0.000000 -1.000000
vn 0.000000 0.000000 -1.000000
vn 0.000000 0.000000 -1.000000
vn 0.000000 0.000000 -1.000000
vn 0.000000 0.000000 -1.000000
vn 0.000000 0.000000 -1.000000
vn 0.000000 0.000000 -1.000000
vn 0.000000 0.000000 -1.000000
vn 0.000000 0.000000 -1.000000
vn 0.000000 0.000000 -1.000000
vn 0.000000 0.000000 -1.000000
vn 0.000000 0.000000 -1.000000
vn 0.000000 0.000000 -1.000000
vn 0.000000 0.000000 -1.000000
vn 0.000000 0.000000 -1.000000
vn 0.000000 0.000000 -1.000000
vn 0.000000 0.000000 -1.000000
vn 0.000000 0.000000 -1.000000
vn 0.000000 0.000000 -1.000000
vn 0.000000 0.000000 -1.000000
vn 0.000000 0.000000 -1.000000
vn 0.000000 0.000000 -1.000000
vn 0.000000 0.000000 -1.000000
vn 0.000000 0.000000 -1.000000
vn 0.000000 0.000000 -1.000000
vn 0.000000 0.000000 -1.000000
vn 0.000000 0.000000 -1.000000
vn 0.000000 0.000000 -1.000000
vn 0.000000 0.000000 -1.000000
vn 0.000000 0.000000 -1.000000
vn 0.000000 0.000000 -1.000000
vn 0.000000 0.000000 -1.000000
vn 0.000000 0.000000 -1.000000
vn 0.000000 0.000000 -1.000000
vn 0.000000 0.000000 -1.000000
vn 0.000000 0.000000 -1.000000
vn 0.000000 0.000000 -1.000000
vn 0.000000 0.000000 -1.000000
vn 0.000000 0.000000 -1.000000
vn 0.000000 0.000000 -1.000000
vn 0.000000 0.000000 -1.000000
vn 0.000000 0.000000 -1.000000
vn 0.000000 0.000000 -1.000000
vn 0.000000 0.000000 -1.000000
vn 0.000000 -0.000000 -1.000000
vn 0.000000 0.000000 -1.000000
vn 0.000000 0.000000 -1.000000
vn 0.000000 0.000000 -1.000000
vn 0.000000 -0.000000 -1.000000
vn 0.000000 0.000000 -1.000000
vn 0.000000 -0.000000 -1.000000
vn 0.000000 0.000000 -1.000000
vn 0.000000 0.000000 -1.000000
vn 0.000000 0.000000 -1.000000
vn 0.000000 0.000000 -1.000000
vn 0.000000 -0.000000 -1.000000
vn 0.000000 0.000000 -1.000000
vn 0.000000 0.000000 -1.000000
vn 0.000000 -0.000000 -1.000000
vn 0.000000 0.000000 -1.000000
vn 0.000000 0.000000 -1.000000
vn 0.000000 0.000000 -1.000000
vn 0.000000 -0.000000 -1.000000
vn 0.000000 0.000000 -1.000000
vn 0.000000 -0.000000 -1.000000
vn 0.000000 0.000000 -1.000000
vn 0.000000 0.000000 -1.000000
vn 0.000000 0.000000 -1.000000
vn 0.000000 -0.000000 -1.000000
vn 0.000000 0.000000 -1.000000
vn 0.000000 0.000000 -1.000000
vn 0.000000 0.000000 -1.000000
vn 0.000000 -0.000000 -1.000000
vn 0.000000 0.000000 -1.000000
vn 0.000000 0.000000 -1.000000
vn 0.000000 -0.000000 -1.000000
vn 0.000000 0.000000 -1.000000
vn 0.000000 0.000000 -1.000000
vn 0.000000 0.000000 -1.000000
vn 0.000000 -0.000000 -1.000000
vn 0.000000 0.000000 -1.000000
vn 0.000000 0.000000 -1.000000
vn 0.000000 0.000000 -1.000000
vn 0.000000 -0.000000 -1.000000
vn 0.000000 0.000000 -1.000000
vn 0.000000 0.000000 -1.000000
vn 0.000000 -0.000000 -1.000000
vn 0.000000 0.000000 -1.000000
vn 0.000000 0.000000 -1.000000
vn 0.000000 -0.000000 -1.000000
vn 0.000000 0.000000 -1.000000
vn 0.000000 0.000000 -1.000000
vn 0.000000 -0.000000 -1.000000
vn 0.000000 0.000000 -1.000000
vn 0.000000 0.000000 -1.000000
vn 0.000000 0.000000 -1.000000
vn 0.000000 -0.000000 -1.000000
vn 0.000000 0.000000 -1.000000
vn 0.000000 0.000000 -1.000000
vn 0.000000 0.000000 -1.000000
vn 0.000000 1.000000 0.000000
vn 0.000000 1.000000 -0.000000
vn 0.024544 0.999699 0.000000
vn 0.024544 0.999699 0.000000
vn 0.073553 0.997291 0.000000
vn 0.122428 0.992477 -0.000000
vn 0.073553 0.997291 0.000000
vn 0.122428 0.992477 0.000000
vn 0.170954 0.985279 0.000000
vn 0.219109 0.975700 -0.000000
vn 0.170954 0.985279 0.000000
vn 0.219109 0.975700 0.000000
vn 0.266701 0.963779 0.000000
vn 0.266701 0.963779 0.000000
vn 0.313680 0.949529 0.000000
vn 0.313680 0.949529 0.000000
vn 0.359908 0.932988 0.000000
vn 0.405224 0.914217 -0.000000
vn 0.359908 0.932988 0.000000
vn 0.405224 0.914217 0.000000
vn 0.449612 0.893224 -0.000000
vn 0.449612 0.893224 0.000000
vn 0.492911 0.870080 0.000000
vn 0.492911 0.870080 0.000000
vn 0.534983 0.844863 -0.000000
vn 0.534983 0.844863 0.000000
vn 0.575826 0.817572 0.000000
vn 0.575826 0.817572 0.000000
vn 0.615225 0.788352 0.000000
vn 0.615225 0.788352 0.000000
vn 0.653173 0.757209 0.000000
vn 0.653173 0.757209 0.000000
vn 0.689531 0.724256 0.000000
vn 0.689531 0.724256 0.000000
vn 0.724249 0.689539 0.000000
vn 0.757216 0.653164 -0.000000
vn 0.724249 0.689539 0.000000
vn 0.757216 0.653164 0.000000
vn 0.788346 0.615232 0.000000
vn 0.817583 0.575811 -0.000000
vn 0.788346 0.615232 0.000000
vn 0.817583 0.575811 0.000000
vn 0.844854 0.534997 0.000000
vn 0.844854 0.534997 0.000000
vn 0.870087 0.492898 0.000000
vn 0.870087 0.492898 0.000000
vn 0.893230 0.449600 0.000000
vn 0.914201 0.405261 -0.000000
vn 0.893230 0.449600 0.000000
vn 0.914201 0.405261 0.000000
vn 0.933000 0.359876 0.000000
vn 0.933000 0.359876 0.000000
vn 0.949529 0.313680 0.000000
vn 0.963770 0.266734 -0.000000
vn 0.949529 0.313680 0.000000
vn 0.963770 0.266734 0.000000
vn 0.975707 0.219079 0.000000
vn 0.975707 0.219079 0.000000
vn 0.985274 0.170984 0.000000
vn 0.985274 0.170984 0.000000
vn 0.992482 0.122393 0.000000
vn 0.992482 0.122393 0.000000
vn 0.997289 0.073585 0.000000
vn 0.999699 0.024528 -0.000000
vn 0.997289 0.073585 0.000000
vn 0.999699 0.024528 0.000000
vn -0.999699 0.024540 0.000000
vn -0.999699 0.024540 0.000000
vn -0.997290 0.073566 0.000000
vn -0.997290 0.073566 0.000000
vn -0.992480 0.122408 0.000000
vn -0.992480 0.122408 0.000000
vn -0.985278 0.170962 0.000000
vn -0.975701 0.219105 0.000000
vn -0.985278 0.170962 0.000000
vn -0.975701 0.219105 0.000000
vn -0.963776 0.266712 0.000000
vn -0.963776 0.266712 0.000000
vn -0.949529 0.313680 0.000000
vn -0.949529 0.313680 0.000000
vn -0.932994 0.359893 0.000000
vn -0.932994 0.359893 0.000000
vn -0.914208 0.405245 0.000000
vn -0.914208 0.405245 0.000000
vn -0.893224 0.449612 0.000000
vn -0.870089 0.492895 0.000000
vn -0.893224 0.449612 0.000000
vn -0.870089 0.492895 0.000000
vn -0.844852 0.535000 0.000000
vn -0.817586 0.575806 0.000000
vn -0.844852 0.535000 0.000000
vn -0.817586 0.575806 0.000000
vn -0.788346 0.615232 0.000000
vn -0.788346 0.615232 0.000000
vn -0.757211 0.653171 0.000000
vn -0.724245 0.689543 0.000000
vn -0.757211 0.653171 0.000000
vn -0.724245 0.689543 0.000000
vn -0.689537 0.724251 0.000000
vn -0.653175 0.757207 0.000000
vn -0.689537 0.724251 0.000000
vn -0.653175 0.757207 0.000000
vn -0.615232 0.788346 0.000000
vn -0.615232 0.788346 0.000000
vn -0.575811 0.817583 0.000000
vn -0.575811 0.817583 0.000000
vn -0.534996 0.844855 0.000000
vn -0.534996 0.844855 0.000000
vn -0.492901 0.870085 0.000000
vn -0.492901 0.870085 0.000000
vn -0.449610 0.893225 0.000000
vn -0.405234 0.914213 0.000000
vn -0.449610 0.893225 0.000000
vn -0.405234 0.914213 0.000000
vn -0.359905 0.932989 0.000000
vn -0.359905 0.932989 0.000000
vn -0.313679 0.949529 0.000000
vn -0.313679 0.949529 0.000000
vn -0.266705 0.963778 0.000000
vn -0.266705 0.963778 0.000000
vn -0.219108 0.975701 0.000000
vn -0.219108 0.975701 0.000000
vn -0.170953 0.985279 0.000000
vn -0.170953 0.985279 0.000000
vn -0.122425 0.992478 0.000000
vn -0.073554 0.997291 0.000000
vn -0.122425 0.992478 0.000000
vn -0.073554 0.997291 0.000000
vn -0.024544 0.999699 0.000000
vn -0.024544 0.999699 0.000000
vn 1.000000 0.000000 0.000000
vn 1.000000 0.000000 0.000000
vn -1.000000 0.000000 0.000000
vn -1.000000 0.000000 0.000000
vn 0.000000 -1.000000 0.000000
vn 0.000000 -1.000000 0.000000
vn 0.000000 -1.000000 0.000000
vn 0.000000 -1.000000 0.000000
vn 0.999699 -0.024547 0.000000
vn 0.999699 -0.024547 0.000000
vn 0.997291 -0.073554 0.000000
vn 0.992479 -0.122412 0.000000
vn 0.997291 -0.073554 0.000000
vn 0.985278 -0.170960 0.000000
vn 0.992479 -0.122412 0.000000
vn 0.985278 -0.170960 0.000000
vn 0.975700 -0.219108 0.000000
vn 0.963777 -0.266711 0.000000
vn 0.975700 -0.219108 0.000000
vn 0.963777 -0.266711 0.000000
vn 0.949529 -0.313680 0.000000
vn 0.949529 -0.313680 0.000000
vn 0.932991 -0.359899 0.000000
vn 0.932991 -0.359899 0.000000
vn 0.914211 -0.405239 0.000000
vn 0.914211 -0.405239 0.000000
vn 0.893226 -0.449608 0.000000
vn 0.893226 -0.449608 0.000000
vn 0.870088 -0.492896 0.000000
vn 0.870088 -0.492896 0.000000
vn 0.844852 -0.535000 0.000000
vn 0.844852 -0.535000 0.000000
vn 0.817583 -0.575811 0.000000
vn 0.817583 -0.575811 0.000000
vn 0.788346 -0.615232 0.000000
vn 0.788346 -0.615232 0.000000
vn 0.757209 -0.653173 0.000000
vn 0.757209 -0.653173 0.000000
vn 0.724250 -0.689537 0.000000
vn 0.689537 -0.724250 0.000000
vn 0.724250 -0.689537 0.000000
vn 0.689537 -0.724250 0.000000
vn 0.653174 -0.757208 0.000000
vn 0.653174 -0.757208 0.000000
vn 0.615234 -0.788345 0.000000
vn 0.575804 -0.817587 0.000000
vn 0.615234 -0.788345 0.000000
vn 0.575804 -0.817587 0.000000
vn 0.535000 -0.844852 0.000000
vn 0.492896 -0.870088 0.000000
vn 0.535000 -0.844852 0.000000
vn 0.492896 -0.870088 0.000000
vn 0.449612 -0.893224 0.000000
vn 0.449612 -0.893224 0.000000
vn 0.405241 -0.914210 0.000000
vn 0.359895 -0.932993 0.000000
vn 0.405241 -0.914210 0.000000
vn 0.359895 -0.932993 0.000000
vn 0.313681 -0.949528 0.000000
vn 0.266713 -0.963776 0.000000
vn 0.313681 -0.949528 0.000000
vn 0.266713 -0.963776 0.000000
vn 0.219101 -0.975702 0.000000
vn 0.219101 -0.975702 0.000000
vn 0.170964 -0.985277 0.000000
vn 0.122412 -0.992479 0.000000
vn 0.170964 -0.985277 0.000000
vn 0.122412 -0.992479 0.000000
vn 0.073563 -0.997291 0.000000
vn 0.073563 -0.997291 0.000000
vn 0.024541 -0.999699 0.000000
vn 0.024541 -0.999699 0.000000
vn -0.024541 -0.999699 -0.000000
vn -0.024541 -0.999699 0.000000
vn -0.073564 -0.997290 -0.000000
vn -0.122412 -0.992479 -0.000000
vn -0.073564 -0.997290 0.000000
vn -0.122412 -0.992479 -0.000000
vn -0.170963 -0.985277 -0.000000
vn -0.219099 -0.975703 -0.000000
vn -0.170963 -0.985277 0.000000
vn -0.266714 -0.963776 -0.000000
vn -0.219099 -0.975703 -0.000000
vn -0.266714 -0.963776 -0.000000
vn -0.313681 -0.949528 -0.000000
vn -0.313681 -0.949528 0.000000
vn -0.359895 -0.932993 0.000000
vn -0.359895 -0.932993 -0.000000
vn -0.405242 -0.914209 0.000000
vn -0.405242 -0.914209 -0.000000
vn -0.449611 -0.893224 -0.000000
vn -0.449611 -0.893224 0.000000
vn -0.492898 -0.870087 -0.000000
vn -0.492898 -0.870087 -0.000000
vn -0.534997 -0.844854 0.000000
vn -0.534997 -0.844854 -0.000000
vn -0.575807 -0.817586 -0.000000
vn -0.575807 -0.817586 0.000000
vn -0.615233 -0.788346 -0.000000
vn -0.653173 -0.757209 -0.000000
vn -0.615233 -0.788346 0.000000
vn -0.653173 -0.757209 -0.000000
vn -0.689540 -0.724248 -0.000000
vn -0.724247 -0.689541 -0.000000
vn -0.689540 -0.724248 0.000000
vn -0.724247 -0.689541 -0.000000
vn -0.757209 -0.653173 -0.000000
vn -0.757209 -0.653173 0.000000
vn -0.788346 -0.615232 -0.000000
vn -0.788346 -0.615232 0.000000
vn -0.817585 -0.575808 -0.000000
vn -0.844853 -0.534998 -0.000000
vn -0.817585 -0.575808 0.000000
vn -0.844853 -0.534998 -0.000000
vn -0.870087 -0.492898 -0.000000
vn -0.870087 -0.492898 0.000000
vn -0.893225 -0.449611 -0.000000
vn -0.914210 -0.405241 -0.000000
vn -0.893225 -0.449611 0.000000
vn -0.914210 -0.405241 -0.000000
vn -0.932993 -0.359895 -0.000000
vn -0.932993 -0.359895 0.000000
vn -0.949528 -0.313682 -0.000000
vn -0.949528 -0.313682 0.000000
vn -0.963776 -0.266713 -0.000000
vn -0.963776 -0.266713 0.000000
vn -0.975702 -0.219101 -0.000000
vn -0.985278 -0.170962 -0.000000
vn -0.975702 -0.219101 0.000000
vn -0.985278 -0.170962 -0.000000
vn -0.992480 -0.122411 -0.000000
vn -0.997290 -0.073565 -0.000000
vn -0.992480 -0.122411 0.000000
vn -0.997290 -0.073565 -0.000000
vn -0.999699 -0.024541 -0.000000
vn -0.999699 -0.024541 0.000000
vn 1.000000 0.000000 0.000000
vn 1.000000 0.000000 0.000000
vn -1.000000 0.000000 0.000000
vn -1.000000 0.000000 0.000000
vn 0.000000 -1.000000 0.000000
vn 0.000000 -1.000000 0.000000
vn 0.000000 -1.000000 0.000000
vn 0.000000 -1.000000 0.000000
vn -1.000000 0.000000 0.000000
vn -1.000000 -0.000000 0.000000
vn 1.000000 0.000000 0.000000
vn 1.000000 0.000000 0.000000
vn 0.000000 1.000000 -0.000000
vn 0.000000 1.000000 0.000000
vn -0.000000 1.000000 0.000000
vn -0.000000 1.000000 0.000000
vn -0.999699 0.024533 0.000000
vn -0.999699 0.024533 0.000000
vn -0.997291 0.073563 0.000000
vn -0.992479 0.122416 0.000000
vn -0.997291 0.073563 0.000000
vn -0.992479 0.122416 0.000000
vn -0.985277 0.170967 0.000000
vn -0.975704 0.219091 0.000000
vn -0.985277 0.170967 0.000000
vn -0.975704 0.219091 0.000000
vn -0.963775 0.266718 0.000000
vn -0.963775 0.266718 0.000000
vn -0.949526 0.313687 0.000000
vn -0.949526 0.313687 0.000000
vn -0.932993 0.359893 0.000000
vn -0.914214 0.405231 0.000000
vn -0.932993 0.359893 0.000000
vn -0.914214 0.405231 0.000000
vn -0.893220 0.449620 0.000000
vn -0.893220 0.449620 0.000000
vn -0.870087 0.492898 0.000000
vn -0.870087 0.492898 0.000000
vn -0.844853 0.534999 0.000000
vn -0.844853 0.534999 0.000000
vn -0.817587 0.575805 0.000000
vn -0.817587 0.575805 0.000000
vn -0.788350 0.615227 0.000000
vn -0.788350 0.615227 0.000000
vn -0.757202 0.653181 0.000000
vn -0.757202 0.653181 0.000000
vn -0.724251 0.689537 0.000000
vn -0.724251 0.689537 0.000000
vn -0.689541 0.724246 0.000000
vn -0.653169 0.757212 0.000000
vn -0.689541 0.724246 0.000000
vn -0.653169 0.757212 0.000000
vn -0.615235 0.788344 0.000000
vn -0.575810 0.817584 0.000000
vn -0.615235 0.788344 0.000000
vn -0.575810 0.817584 0.000000
vn -0.534999 0.844853 0.000000
vn -0.534999 0.844853 0.000000
vn -0.492896 0.870088 0.000000
vn -0.492896 0.870088 0.000000
vn -0.449612 0.893224 0.000000
vn -0.405237 0.914211 0.000000
vn -0.449612 0.893224 0.000000
vn -0.405237 0.914211 0.000000
vn -0.359899 0.932991 0.000000
vn -0.359899 0.932991 0.000000
vn -0.313679 0.949529 0.000000
vn -0.266711 0.963777 0.000000
vn -0.313679 0.949529 0.000000
vn -0.266711 0.963777 0.000000
vn -0.219105 0.975701 0.000000
vn -0.219105 0.975701 0.000000
vn -0.170962 0.985278 0.000000
vn -0.170962 0.985278 0.000000
vn -0.122409 0.992480 0.000000
vn -0.122409 0.992480 0.000000
vn -0.073565 0.997290 0.000000
vn -0.024541 0.999699 0.000000
vn -0.073565 0.997290 0.000000
vn -0.024541 0.999699 0.000000
vn 0.999699 0.024541 0.000000
vn 0.999699 0.024541 0.000000
vn 0.997290 0.073565 0.000000
vn 0.992480 0.122411 -0.000000
vn 0.997290 0.073565 0.000000
vn 0.992480 0.122411 0.000000
vn 0.985278 0.170962 0.000000
vn 0.975702 0.219101 -0.000000
vn 0.985278 0.170962 0.000000
vn 0.975702 0.219101 0.000000
vn 0.963776 0.266713 0.000000
vn 0.963776 0.266713 0.000000
vn 0.949528 0.313682 0.000000
vn 0.949528 0.313682 0.000000
vn 0.932993 0.359895 0.000000
vn 0.914210 0.405242 -0.000000
vn 0.932993 0.359895 0.000000
vn 0.914210 0.405242 0.000000
vn 0.893224 0.449611 -0.000000
vn 0.893224 0.449611 0.000000
vn 0.870087 0.492899 0.000000
vn 0.870087 0.492899 0.000000
vn 0.844854 0.534997 -0.000000
vn 0.844854 0.534997 0.000000
vn 0.817585 0.575808 0.000000
vn 0.817585 0.575808 0.000000
vn 0.788346 0.615232 0.000000
vn 0.788346 0.615232 0.000000
vn 0.757209 0.653173 0.000000
vn 0.757209 0.653173 0.000000
vn 0.724247 0.689541 0.000000
vn 0.724247 0.689541 0.000000
vn 0.689541 0.724247 0.000000
vn 0.653173 0.757209 -0.000000
vn 0.689541 0.724247 0.000000
vn 0.653173 0.757209 0.000000
vn 0.615232 0.788346 0.000000
vn 0.575808 0.817585 -0.000000
vn 0.615232 0.788346 0.000000
vn 0.575808 0.817585 0.000000
vn 0.534997 0.844854 0.000000
vn 0.534997 0.844854 0.000000
vn 0.492899 0.870087 0.000000
vn 0.492899 0.870087 0.000000
vn 0.449611 0.893224 0.000000
vn 0.405242 0.914210 -0.000000
vn 0.449611 0.893224 0.000000
vn 0.405242 0.914210 0.000000
vn 0.359895 0.932993 0.000000
vn 0.359895 0.932993 0.000000
vn 0.313682 0.949528 0.000000
vn 0.266713 0.963776 -0.000000
vn 0.313682 0.949528 0.000000
vn 0.266713 0.963776 0.000000
vn 0.219101 0.975702 0.000000
vn 0.219101 0.975702 0.000000
vn 0.170962 0.985278 0.000000
vn 0.170962 0.985278 0.000000
vn 0.122411 0.992480 0.000000
vn 0.122411 0.992480 0.000000
vn 0.073565 0.997290 0.000000
vn 0.024541 0.999699 -0.000000
vn 0.073565 0.997290 0.000000
vn 0.024541 0.999699 0.000000
vn -1.000000 0.000000 0.000000
vn -1.000000 0.000000 0.000000
vn 1.000000 -0.000000 0.000000
vn 1.000000 -0.000000 0.000000
vn -0.999699 0.024547 0.000000
vn -0.999699 0.024547 0.000000
vn -0.997290 0.073567 0.000000
vn -0.992479 0.122412 0.000000
vn -0.997290 0.073567 0.000000
vn -0.985278 0.170960 0.000000
vn -0.992479 0.122412 0.000000
vn -0.985278 0.170960 0.000000
vn -0.975703 0.219097 0.000000
vn -0.963777 0.266711 0.000000
vn -0.975703 0.219097 0.000000
vn -0.963777 0.266711 0.000000
vn -0.949525 0.313691 0.000000
vn -0.949525 0.313691 0.000000
vn -0.932995 0.359889 0.000000
vn -0.932995 0.359889 0.000000
vn -0.914211 0.405239 0.000000
vn -0.914211 0.405239 0.000000
vn -0.893221 0.449618 0.000000
vn -0.893221 0.449618 0.000000
vn -0.870088 0.492896 0.000000
vn -0.870088 0.492896 0.000000
vn -0.844852 0.535000 0.000000
vn -0.844852 0.535000 0.000000
vn -0.817588 0.575803 0.000000
vn -0.817588 0.575803 0.000000
vn -0.788346 0.615232 0.000000
vn -0.788346 0.615232 0.000000
vn -0.757209 0.653173 0.000000
vn -0.757209 0.653173 0.000000
vn -0.724244 0.689544 0.000000
vn -0.689544 0.724244 0.000000
vn -0.724244 0.689544 0.000000
vn -0.689544 0.724244 0.000000
vn -0.653174 0.757208 0.000000
vn -0.653174 0.757208 0.000000
vn -0.615228 0.788349 0.000000
vn -0.575810 0.817583 0.000000
vn -0.615228 0.788349 0.000000
vn -0.575810 0.817583 0.000000
vn -0.535000 0.844852 0.000000
vn -0.492901 0.870085 0.000000
vn -0.535000 0.844852 0.000000
vn -0.492901 0.870085 0.000000
vn -0.449602 0.893229 0.000000
vn -0.449602 0.893229 0.000000
vn -0.405250 0.914206 0.000000
vn -0.359887 0.932996 0.000000
vn -0.405250 0.914206 0.000000
vn -0.359887 0.932996 0.000000
vn -0.313689 0.949526 0.000000
vn -0.266710 0.963777 0.000000
vn -0.313689 0.949526 0.000000
vn -0.266710 0.963777 0.000000
vn -0.219099 0.975703 0.000000
vn -0.219099 0.975703 0.000000
vn -0.170967 0.985277 0.000000
vn -0.122406 0.992480 0.000000
vn -0.170967 0.985277 0.000000
vn -0.122406 0.992480 0.000000
vn -0.073568 0.997290 0.000000
vn -0.073568 0.997290 0.000000
vn -0.024540 0.999699 0.000000
vn -0.024540 0.999699 0.000000
vn 0.999699 0.024541 0.000000
vn 0.999699 0.024541 0.000000
vn 0.997290 0.073565 0.000000
vn 0.992480 0.122411 0.000000
vn 0.997290 0.073565 0.000000
vn 0.985278 0.170962 0.000000
vn 0.992480 0.122411 0.000000
vn 0.985278 0.170962 0.000000
vn 0.975702 0.219101 0.000000
vn 0.963776 0.266713 0.000000
vn 0.975702 0.219101 0.000000
vn 0.963776 0.266713 0.000000
vn 0.949528 0.313682 0.000000
vn 0.949528 0.313682 0.000000
vn 0.932993 0.359895 0.000000
vn 0.932993 0.359895 0.000000
vn 0.914210 0.405241 0.000000
vn 0.914210 0.405241 0.000000
vn 0.893225 0.449611 0.000000
vn 0.893225 0.449611 0.000000
vn 0.870087 0.492898 0.000000
vn 0.870087 0.492898 0.000000
vn 0.844853 0.534998 0.000000
vn 0.844853 0.534998 0.000000
vn 0.817585 0.575808 0.000000
vn 0.817585 0.575808 0.000000
vn 0.788347 0.615232 0.000000
vn 0.788347 0.615232 0.000000
vn 0.757209 0.653173 0.000000
vn 0.757209 0.653173 0.000000
vn 0.724247 0.689541 0.000000
vn 0.689540 0.724248 0.000000
vn 0.724247 0.689541 0.000000
vn 0.689540 0.724248 0.000000
vn 0.653173 0.757209 0.000000
vn 0.653173 0.757209 0.000000
vn 0.615233 0.788346 0.000000
vn 0.575807 0.817586 0.000000
vn 0.615233 0.788346 0.000000
vn 0.575807 0.817586 0.000000
vn 0.534998 0.844853 0.000000
vn 0.492898 0.870087 0.000000
vn 0.534998 0.844853 0.000000
vn 0.492898 0.870087 0.000000
vn 0.449611 0.893224 0.000000
vn 0.449611 0.893224 0.000000
vn 0.405242 0.914209 0.000000
vn 0.359894 0.932993 0.000000
vn 0.405242 0.914209 0.000000
vn 0.359894 0.932993 0.000000
vn 0.313681 0.949528 0.000000
vn 0.266711 0.963777 0.000000
vn 0.313681 0.949528 0.000000
vn 0.266711 0.963777 0.000000
vn 0.219102 0.975702 0.000000
vn 0.219102 0.975702 0.000000
vn 0.170966 0.985277 0.000000
vn 0.122406 0.992480 0.000000
vn 0.170966 0.985277 0.000000
vn 0.122406 0.992480 0.000000
vn 0.073567 0.997290 0.000000
vn 0.073567 0.997290 0.000000
vn 0.024541 0.999699 0.000000
vn 0.024541 0.999699 0.000000
vn 0.000000 1.000000 0.000000
vn 0.000000 1.000000 -0.000000
vn 0.000000 1.000000 0.000000
vn 0.000000 1.000000 -0.000000
vn -1.000000 -0.000000 -0.000000
vn -1.000000 0.000000 0.000000
vn 1.000000 -0.000000 0.000000
vn 1.000000 0.000000 0.000000
vn -0.024544 -0.999699 -0.000000
vn -0.024544 -0.999699 0.000000
vn -0.073553 -0.997291 -0.000000
vn -0.122428 -0.992477 -0.000000
vn -0.073553 -0.997291 0.000000
vn -0.122428 -0.992477 -0.000000
vn -0.170954 -0.985279 -0.000000
vn -0.219109 -0.975700 -0.000000
vn -0.170954 -0.985279 0.000000
vn -0.219109 -0.975700 -0.000000
vn -0.266701 -0.963779 -0.000000
vn -0.266701 -0.963779 0.000000
vn -0.313680 -0.949529 -0.000000
vn -0.313680 -0.949529 0.000000
vn -0.359908 -0.932988 -0.000000
vn -0.405224 -0.914217 -0.000000
vn -0.359908 -0.932988 0.000000
vn -0.405224 -0.914217 -0.000000
vn -0.449612 -0.893224 -0.000000
vn -0.449612 -0.893224 -0.000000
vn -0.492911 -0.870080 0.000000
vn -0.492911 -0.870080 -0.000000
vn -0.534983 -0.844863 -0.000000
vn -0.534983 -0.844863 -0.000000
vn -0.575826 -0.817572 -0.000000
vn -0.575826 -0.817572 0.000000
vn -0.615225 -0.788352 -0.000000
vn -0.615225 -0.788352 0.000000
vn -0.653173 -0.757209 -0.000000
vn -0.653173 -0.757209 0.000000
vn -0.689531 -0.724256 -0.000000
vn -0.689531 -0.724256 0.000000
vn -0.724249 -0.689539 -0.000000
vn -0.757216 -0.653164 -0.000000
vn -0.724249 -0.689539 0.000000
vn -0.757216 -0.653164 -0.000000
vn -0.788346 -0.615232 -0.000000
vn -0.817583 -0.575811 -0.000000
vn -0.788346 -0.615232 0.000000
vn -0.817583 -0.575811 -0.000000
vn -0.844854 -0.534997 -0.000000
vn -0.844854 -0.534997 0.000000
vn -0.870087 -0.492898 -0.000000
vn -0.870087 -0.492898 0.000000
vn -0.893230 -0.449600 -0.000000
vn -0.914201 -0.405261 -0.000000
vn -0.893230 -0.449600 0.000000
vn -0.914201 -0.405261 -0.000000
vn -0.933000 -0.359876 -0.000000
vn -0.933000 -0.359876 0.000000
vn -0.949529 -0.313680 -0.000000
vn -0.963770 -0.266734 -0.000000
vn -0.949529 -0.313680 0.000000
vn -0.963770 -0.266734 -0.000000
vn -0.975707 -0.219079 -0.000000
vn -0.975707 -0.219079 0.000000
vn -0.985274 -0.170984 -0.000000
vn -0.985274 -0.170984 0.000000
vn -0.992482 -0.122393 -0.000000
vn -0.992482 -0.122393 0.000000
vn -0.997289 -0.073585 -0.000000
vn -0.999699 -0.024528 -0.000000
vn -0.997289 -0.073585 0.000000
vn -0.999699 -0.024528 -0.000000
vn 0.999699 -0.024540 0.000000
vn 0.999699 -0.024540 0.000000
vn 0.997290 -0.073566 0.000000
vn 0.997290 -0.073566 0.000000
vn 0.992480 -0.122408 0.000000
vn 0.992480 -0.122408 0.000000
vn 0.985278 -0.170962 0.000000
vn 0.975701 -0.219105 0.000000
vn 0.985278 -0.170962 0.000000
vn 0.975701 -0.219105 0.000000
vn 0.963776 -0.266712 0.000000
vn 0.963776 -0.266712 0.000000
vn 0.949529 -0.313680 0.000000
vn 0.949529 -0.313680 0.000000
vn 0.932994 -0.359893 0.000000
vn 0.932994 -0.359893 0.000000
vn 0.914208 -0.405245 0.000000
vn 0.914208 -0.405245 0.000000
vn 0.893224 -0.449612 0.000000
vn 0.870089 -0.492895 0.000000
vn 0.893224 -0.449612 0.000000
vn 0.870089 -0.492895 0.000000
vn 0.844852 -0.535000 0.000000
vn 0.817586 -0.575806 0.000000
vn 0.844852 -0.535000 0.000000
vn 0.817586 -0.575806 0.000000
vn 0.788346 -0.615232 0.000000
vn 0.788346 -0.615232 0.000000
vn 0.757211 -0.653171 0.000000
vn 0.724245 -0.689543 0.000000
vn 0.757211 -0.653171 0.000000
vn 0.724245 -0.689543 0.000000
vn 0.689537 -0.724251 0.000000
vn 0.653175 -0.757207 0.000000
vn 0.689537 -0.724251 0.000000
vn 0.653175 -0.757207 0.000000
vn 0.615232 -0.788346 0.000000
vn 0.615232 -0.788346 0.000000
vn 0.575811 -0.817583 0.000000
vn 0.575811 -0.817583 0.000000
vn 0.534996 -0.844855 0.000000
vn 0.534996 -0.844855 0.000000
vn 0.492901 -0.870085 0.000000
vn 0.492901 -0.870085 0.000000
vn 0.449610 -0.893225 0.000000
vn 0.405234 -0.914213 0.000000
vn 0.449610 -0.893225 0.000000
vn 0.405234 -0.914213 0.000000
vn 0.359905 -0.932989 0.000000
vn 0.359905 -0.932989 0.000000
vn 0.313679 -0.949529 0.000000
vn 0.313679 -0.949529 0.000000
vn 0.266705 -0.963778 0.000000
vn 0.266705 -0.963778 0.000000
vn 0.219108 -0.975701 0.000000
vn 0.219108 -0.975701 0.000000
vn 0.170953 -0.985279 0.000000
vn 0.170953 -0.985279 0.000000
vn 0.122425 -0.992478 0.000000
vn 0.073554 -0.997291 0.000000
vn 0.122425 -0.992478 0.000000
vn 0.073554 -0.997291 0.000000
vn 0.024544 -0.999699 0.000000
vn 0.024544 -0.999699 0.000000
vn 0.000000 -1.000000 0.000000
vn 0.000000 -1.000000 0.000000
vn 0.000000 0.000000 1.000000
vn 0.000000 0.000000 1.000000
vn 0.000000 0.000000 1.000000
vn 0.000000 0.000000 1.000000
vn 0.000000 0.000000 1.000000
vn 0.000000 0.000000 1.000000
vn 0.000000 0.000000 1.000000
vn 0.000000 0.000000 1.000000
vn 0.000000 0.000000 1.000000
vn 0.000000 0.000000 1.000000
vn 0.000000 0.000000 1.000000
vn 0.000000 0.000000 1.000000
vn 0.000000 0.000000 1.000000
vn 0.000000 0.000000 1.000000
vn 0.000000 0.000000 1.000000
vn 0.000000 0.000000 1.000000
vn 0.000000 0.000000 1.000000
vn 0.000000 0.000000 1.000000
vn 0.000000 0.000000 1.000000
vn 0.000000 0.000000 1.000000
vn 0.000000 0.000000 1.000000
vn 0.000000 0.000000 1.000000
vn 0.000000 0.000000 1.000000
vn 0.000000 0.000000 1.000000
vn 0.000000 0.000000 1.000000
vn 0.000000 0.000000 1.000000
vn 0.000000 0.000000 1.000000
vn 0.000000 0.000000 1.000000
vn 0.000000 0.000000 1.000000
vn 0.000000 0.000000 1.000000
vn 0.000000 0.000000 1.000000
vn 0.000000 0.000000 1.000000
vn 0.000000 0.000000 1.000000
vn 0.000000 0.000000 1.000000
vn 0.000000 0.000000 1.000000
vn 0.000000 0.000000 1.000000
vn 0.000000 0.000000 1.000000
vn 0.000000 0.000000 1.000000
vn 0.000000 0.000000 1.000000
vn 0.000000 0.000000 1.000000
vn 0.000000 0.000000 1.000000
vn 0.000000 0.000000 1.000000
vn 0.000000 0.000000 1.000000
vn 0.000000 0.000000 1.000000
vn 0.000000 0.000000 1.000000
vn 0.000000 0.000000 1.000000
vn 0.000000 0.000000 1.000000
vn 0.000000 0.000000 1.000000
vn 0.000000 0.000000 1.000000
vn 0.000000 0.000000 1.000000
vn 0.000000 0.000000 1.000000
vn 0.000000 0.000000 1.000000
vn 0.000000 0.000000 1.000000
vn 0.000000 0.000000 1.000000
vn 0.000000 0.000000 1.000000
vn 0.000000 0.000000 1.000000
vn 0.000000 0.000000 1.000000
vn 0.000000 0.000000 1.000000
vn 0.000000 0.000000 1.000000
vn 0.000000 0.000000 1.000000
vn 0.000000 0.000000 1.000000
vn 0.000000 0.000000 1.000000
vn 0.000000 0.000000 1.000000
vn 0.000000 0.000000 1.000000
vn 0.000000 0.000000 1.000000
vn 0.000000 0.000000 1.000000
vn 0.000000 0.000000 1.000000
vn 0.000000 0.000000 1.000000
vn 0.000000 0.000000 1.000000
vn 0.000000 0.000000 1.000000
vn 0.000000 0.000000 1.000000
vn 0.000000 0.000000 1.000000
vn 0.000000 0.000000 1.000000
vn 0.000000 0.000000 1.000000
vn 0.000000 0.000000 1.000000
vn 0.000000 0.000000 1.000000
vn 0.000000 0.000000 1.000000
vn 0.000000 0.000000 1.000000
vn 0.000000 0.000000 1.000000
vn 0.000000 0.000000 1.000000
vn 0.000000 0.000000 1.000000
vn 0.000000 0.000000 1.000000
vn 0.000000 0.000000 1.000000
vn 0.000000 0.000000 1.000000
vn 0.000000 0.000000 1.000000
vn 0.000000 0.000000 1.000000
vn 0.000000 0.000000 1.000000
vn 0.000000 0.000000 1.000000
vn 0.000000 0.000000 1.000000
vn 0.000000 0.000000 1.000000
vn 0.000000 0.000000 1.000000
vn 0.000000 0.000000 1.000000
vn 0.000000 0.000000 1.000000
vn 0.000000 0.000000 1.000000
vn 0.000000 0.000000 1.000000
vn 0.000000 0.000000 1.000000
vn 0.000000 0.000000 1.000000
vn 0.000000 0.000000 1.000000
vn 0.000000 0.000000 1.000000
vn 0.000000 0.000000 1.000000
vn 0.000000 0.000000 1.000000
vn 0.000000 0.000000 1.000000
vn 0.000000 0.000000 1.000000
vn 0.000000 0.000000 1.000000
vn 0.000000 0.000000 1.000000
vn 0.000000 0.000000 1.000000
vn 0.000000 0.000000 1.000000
vn 0.000000 0.000000 1.000000
vn 0.000000 0.000000 1.000000
vn 0.000000 0.000000 1.000000
vn 0.000000 0.000000 1.000000
vn 0.000000 0.000000 1.000000
vn 0.000000 0.000000 1.000000
vn 0.000000 0.000000 1.000000
vn 0.000000 0.000000 1.000000
vn 0.000000 0.000000 1.000000
vn 0.000000 0.000000 1.000000
vn 0.000000 0.000000 1.000000
vn 0.000000 0.000000 1.000000
vn 0.000000 0.000000 1.000000
vn 0.000000 0.000000 1.000000
vn 0.000000 0.000000 1.000000
vn 0.000000 0.000000 1.000000
vn 0.000000 0.000000 1.000000
vn 0.000000 0.000000 1.000000
vn 0.000000 0.000000 1.000000
vn 0.000000 0.000000 1.000000
vn 0.000000 0.000000 1.000000
vn 0.000000 0.000000 1.000000
vn 0.000000 0.000000 1.000000
vn 0.000000 0.000000 1.000000
vn 0.000000 0.000000 1.000000
vn 0.000000 0.000000 1.000000
vn 0.000000 0.000000 1.000000
vn 0.000000 0.000000 1.000000
vn 0.000000 0.000000 1.000000
vn 0.000000 0.000000 1.000000
vn 0.000000 0.000000 1.000000
vn 0.000000 0.000000 1.000000
vn 0.000000 0.000000 1.000000
vn 0.000000 0.000000 1.000000
vn 0.000000 0.000000 1.000000
vn 0.000000 0.000000 1.000000
vn 0.000000 0.000000 1.000000
vn 0.000000 0.000000 1.000000
vn 0.000000 0.000000 1.000000
vn 0.000000 0.000000 1.000000
vn 0.000000 0.000000 1.000000
vn 0.000000 0.000000 1.000000
vn 0.000000 0.000000 1.000000
vn 0.000000 0.000000 1.000000
vn 0.000000 0.000000 1.000000
vn 0.000000 0.000000 1.000000
vn 0.000000 0.000000 1.000000
vn 0.000000 0.000000 1.000000
vn 0.000000 0.000000 1.000000
vn 0.000000 0.000000 1.000000
vn 0.000000 0.000000 1.000000
vn 0.000000 0.000000 1.000000
vn 0.000000 0.000000 1.000000
vn 0.000000 0.000000 1.000000
vn 0.000000 0.000000 1.000000
vn 0.000000 0.000000 1.000000
vn 0.000000 0.000000 1.000000
vn 0.000000 0.000000 1.000000
vn 0.000000 0.000000 1.000000
vn 0.000000 0.000000 1.000000
vn 0.000000 0.000000 1.000000
vn 0.000000 0.000000 1.000000
vn 0.000000 0.000000 1.000000
vn 0.000000 0.000000 1.000000
vn 0.000000 0.000000 1.000000
vn 0.000000 0.000000 1.000000
vn 0.000000 0.000000 1.000000
vn 0.000000 0.000000 1.000000
vn 0.000000 0.000000 1.000000
vn 0.000000 0.000000 1.000000
vn 0.000000 0.000000 1.000000
vn 0.000000 0.000000 1.000000
vn 0.000000 0.000000 1.000000
vn 0.000000 0.000000 1.000000
vn 0.000000 0.000000 1.000000
vn 0.000000 0.000000 1.000000
vn 0.000000 0.000000 1.000000
vn 0.000000 0.000000 1.000000
vn 0.000000 0.000000 1.000000
vn 0.000000 0.000000 1.000000
vn 0.000000 0.000000 1.000000
vn 0.000000 0.000000 1.000000
vn 0.000000 0.000000 1.000000
vn 0.000000 0.000000 1.000000
vn 0.000000 0.000000 1.000000
vn 0.000000 0.000000 1.000000
vn 0.000000 0.000000 1.000000
vn 0.000000 0.000000 1.000000
vn 0.000000 0.000000 1.000000
vn 0.000000 0.000000 1.000000
vn 0.000000 0.000000 1.000000
vn 0.000000 0.000000 1.000000
vn 0.000000 0.000000 1.000000
vn 0.000000 0.000000 1.000000
vn 0.000000 0.000000 1.000000
vn 0.000000 0.000000 1.000000
vn 0.000000 0.000000 1.000000
vn 0.000000 0.000000 1.000000
vn 0.000000 0.000000 1.000000
vn 0.000000 0.000000 1.000000
vn 0.000000 0.000000 1.000000
vn 0.000000 0.000000 1.000000
vn 0.000000 0.000000 1.000000
vn 0.000000 0.000000 1.000000
vn 0.000000 0.000000 1.000000
vn 0.000000 0.000000 1.000000
vn 0.000000 0.000000 1.000000
vn 0.000000 0.000000 1.000000
vn 0.000000 0.000000 1.000000
vn 0.000000 0.000000 1.000000
vn 0.000000 0.000000 1.000000
vn 0.000000 0.000000 1.000000
vn 0.000000 0.000000 1.000000
vn 0.000000 0.000000 1.000000
vn 0.000000 0.000000 1.000000
vn 0.000000 0.000000 1.000000
vn 0.000000 0.000000 1.000000
vn 0.000000 0.000000 1.000000
vn 0.000000 0.000000 1.000000
vn 0.000000 0.000000 1.000000
vn 0.000000 0.000000 1.000000
vn 0.000000 0.000000 1.000000
vn 0.000000 0.000000 1.000000
vn 0.000000 0.000000 1.000000
vn 0.000000 0.000000 1.000000
vn 0.000000 0.000000 1.000000
vn 0.000000 0.000000 1.000000
vn 0.000000 0.000000 1.000000
vn 0.000000 0.000000 1.000000
vn 0.000000 0.000000 1.000000
vn 0.000000 0.000000 1.000000
vn 0.000000 0.000000 1.000000
vn 0.000000 0.000000 1.000000
vn 0.000000 0.000000 1.000000
vn 0.000000 0.000000 1.000000
vn 0.000000 0.000000 1.000000
vn 0.000000 0.000000 1.000000
vn 0.000000 0.000000 1.000000
vn 0.000000 0.000000 1.000000
vn 0.000000 0.000000 1.000000
vn 0.000000 0.000000 1.000000
vn 0.000000 0.000000 1.000000
vn 0.000000 0.000000 1.000000
vn 0.000000 0.000000 1.000000
vn 0.000000 0.000000 1.000000
vn 0.000000 0.000000 1.000000
vn 0.000000 0.000000 1.000000
vn 0.000000 0.000000 1.000000
vn 0.000000 0.000000 1.000000
vn 0.000000 0.000000 1.000000
vn 0.000000 0.000000 1.000000
vn 0.000000 0.000000 1.000000
vn 0.000000 0.000000 1.000000
vn 0.000000 0.000000 1.000000
vn 0.000000 0.000000 1.000000
vn 0.000000 0.000000 1.000000
vn 0.000000 0.000000 1.000000
vn 0.000000 0.000000 1.000000
vn 0.000000 0.000000 1.000000
vn 0.000000 0.000000 1.000000
vn 0.000000 0.000000 1.000000
vn 0.000000 0.000000 1.000000
vn 0.000000 0.000000 1.000000
vn 0.000000 0.000000 1.000000
vn 0.000000 0.000000 1.000000
vn 0.000000 0.000000 1.000000
vn 0.000000 0.000000 1.000000
vn 0.000000 0.000000 1.000000
vn 0.000000 0.000000 1.000000
vn 0.000000 0.000000 1.000000
vn 0.000000 0.000000 1.000000
vn 0.000000 0.000000 1.000000
vn 0.000000 0.000000 1.000000
vn 0.000000 0.000000 1.000000
vn 0.000000 0.000000 1.000000
vn 0.000000 0.000000 1.000000
vn 0.000000 0.000000 1.000000
vn 0.000000 0.000000 1.000000
vn 0.000000 0.000000 1.000000
vn 0.000000 0.000000 1.000000
vn 0.000000 0.000000 1.000000
vn 0.000000 0.000000 1.000000
vn 0.000000 0.000000 1.000000
vn 0.000000 0.000000 1.000000
vn 0.000000 0.000000 1.000000
vn 0.000000 0.000000 1.000000
vn 0.000000 0.000000 1.000000
vn 0.000000 0.000000 1.000000
vn 0.000000 0.000000 1.000000
vn 0.000000 0.000000 1.000000
vn 0.000000 0.000000 1.000000
vn 0.000000 0.000000 1.000000
vn 0.000000 0.000000 1.000000
vn 0.000000 0.000000 1.000000
vn 0.000000 0.000000 1.000000
vn 0.000000 0.000000 1.000000
vn 0.000000 0.000000 1.000000
vn 0.000000 0.000000 1.000000
vn 0.000000 0.000000 1.000000
vn 0.000000 0.000000 1.000000
vn 0.000000 0.000000 1.000000
vn 0.000000 0.000000 1.000000
vn 0.000000 0.000000 1.000000
vn 0.000000 0.000000 1.000000
vn 0.000000 0.000000 1.000000
vn 0.000000 0.000000 1.000000
vn 0.000000 0.000000 1.000000
vn 0.000000 0.000000 1.000000
vn 0.000000 0.000000 1.000000
vn 0.000000 0.000000 1.000000
vn 0.000000 0.000000 1.000000
vn 0.000000 0.000000 1.000000
vn 0.000000 0.000000 1.000000
vn 0.000000 0.000000 1.000000
vn 0.000000 0.000000 1.000000
vn 0.000000 0.000000 1.000000
vn 0.000000 0.000000 1.000000
vn 0.000000 0.000000 1.000000
vn 0.000000 0.000000 1.000000
vn 0.000000 0.000000 1.000000
vn 0.000000 0.000000 1.000000
vn 0.000000 0.000000 1.000000
vn 0.000000 0.000000 1.000000
vn 0.000000 0.000000 1.000000
vn 0.000000 0.000000 1.000000
vn 0.000000 0.000000 1.000000
vn 0.000000 0.000000 1.000000
vn 0.000000 0.000000 1.000000
vn 0.000000 0.000000 1.000000
vn 0.000000 0.000000 1.000000
vn 0.000000 0.000000 1.000000
f 1//1 2//1 3//1
f 3//2 4//2 1//2
f 2//3 5//3 3//3
f 3//4 6//4 4//4
f 5//5 7//5 3//5
f 3//6 8//6 6//6
f 7//7 9//7 3//7
f 3//8 10//8 8//8
f 9//9 11//9 3//9
f 3//10 12//10 10//10
f 11//11 13//11 3//11
f 3//12 14//12 12//12
f 13//13 15//13 3//13
f 3//14 16//14 14//14
f 15//15 17//15 3//15
f 3//16 18//16 16//16
f 17//17 19//17 3//17
f 3//18 20//18 18//18
f 19//19 21//19 3//19
f 3//20 22//20 20//20
f 21//21 23//21 3//21
f 3//22 24//22 22//22
f 23//23 25//23 3//23
f 3//24 26//24 24//24
f 25//25 27//25 3//25
f 3//26 28//26 26//26
f 27//27 29//27 3//27
f 3//28 30//28 28//28
f 29//29 31//29 3//29
f 3//30 32//30 30//30
f 33//31 34//31 31//31
f 31//32 34//32 3//32
f 3//33 35//33 32//33
f 32//34 35//34 36//34
f 37//35 38//35 39//35
f 33//36 40//36 34//36
f 37//37 41//37 38//37
f 38//38 41//38 42//38
f 42//39 41//39 43//39
f 43//40 41//40 44//40
f 44//41 41//41 45//41
f 35//42 46//42 36//42
f 47//43 46//43 48//43
f 48//44 46//44 49//44
f 49//45 46//45 50//45
f 50//46 46//46 35//46
f 47//47 51//47 46//47
f 52//48 51//48 47//48
f 45//49 53//49 54//49
f 41//50 53//50 45//50
f 55//51 56//51 52//51
f 52//52 56//52 51//52
f 54//53 57//53 58//53
f 53//54 57//54 54//54
f 55//55 59//55 56//55
f 57//56 60//56 58//56
f 61//57 62//57 55//57
f 55//58 62//58 59//58
f 58//59 63//59 64//59
f 60//60 63//60 58//60
f 65//61 66//61 61//61
f 61//62 66//62 62//62
f 64//63 67//63 68//63
f 63//64 67//64 64//64
f 65//65 69//65 66//65
f 70//66 69//66 65//66
f 68//67 71//67 72//67
f 67//68 71//68 68//68
f 70//69 73//69 69//69
f 74//70 73//70 70//70
f 71//71 75//71 72//71
f 72//72 75//72 76//72
f 74//73 77//73 73//73
f 75//74 78//74 76//74
f 74//75 79//75 77//75
f 80//76 79//76 74//76
f 78//77 81//77 76//77
f 76//78 81//78 82//78
f 81//79 83//79 82//79
f 82//80 83//80 84//80
f 80//81 85//81 79//81
f 86//82 85//82 80//82
f 86//83 87//83 85//83
f 88//84 87//84 86//84
f 83//85 89//85 84//85
f 84//86 89//86 90//86
f 88//87 91//87 87//87
f 89//88 92//88 90//88
f 88//89 93//89 91//89
f 94//90 93//90 88//90
f 92//91 95//91 90//91
f 90//92 95//92 96//92
f 94//93 97//93 93//93
f 98//94 97//94 94//94
f 95//95 99//95 96//95
f 96//96 99//96 100//96
f 98//97 101//97 97//97
f 102//98 101//98 98//98
f 99//99 103//99 100//99
f 100//100 103//100 102//100
f 102//101 104//101 101//101
f 103//102 104//102 102//102
f 105//103 106//103 39//103
f 39//104 106//104 37//104
f 105//105 107//105 106//105
f 105//106 108//106 107//106
f 105//107 109//107 108//107
f 105//108 110//108 109//108
f 111//109 112//109 105//109
f 105//110 112//110 110//110
f 113//111 114//111 111//111
f 115//112 114//112 113//112
f 111//113 114//113 112//113
f 116//114 117//114 115//114
f 115//115 117//115 114//115
f 118//116 119//116 116//116
f 116//117 119//117 117//117
f 120//118 121//118 118//118
f 122//119 121//119 120//119
f 118//120 121//120 119//120
f 123//121 124//121 122//121
f 122//122 124//122 121//122
f 125//123 126//123 123//123
f 127//124 126//124 125//124
f 123//125 126//125 124//125
f 128//126 129//126 127//126
f 127//127 129//127 126//127
f 130//128 131//128 128//128
f 128//129 131//129 129//129
f 132//130 133//130 130//130
f 134//131 133//131 132//131
f 130//132 133//132 131//132
f 134//133 135//133 133//133
f 134//134 136//134 135//134
f 136//135 137//135 135//135
f 136//136 138//136 137//136
f 138//137 139//137 137//137
f 137//138 139//138 140//138
f 139//139 141//139 140//139
f 141//140 142//140 140//140
f 141//141 143//141 142//141
f 143//142 144//142 142//142
f 142//143 144//143 145//143
f 144//144 146//144 145//144
f 145//145 146//145 147//145
f 146//146 148//146 147//146
f 147//147 148//147 149//147
f 148//148 150//148 149//148
f 150//149 151//149 149//149
f 149//150 151//150 152//150
f 151//151 153//151 152//151
f 152//152 153//152 154//152
f 153//153 155//153 154//153
f 155//154 156//154 154//154
f 154//155 156//155 157//155
f 156//156 158//156 157//156
f 157//157 158//157 159//157
f 158//158 160//158 159//158
f 159//159 160//159 161//159
f 160//160 162//160 161//160
f 162//161 163//161 161//161
f 161//162 163//162 164//162
f 163//163 165//163 164//163
f 164//164 165//164 166//164
f 166//165 165//165 167//165
f 167//166 165//166 168//166
f 168//167 165//167 169//167
f 165//168 170//168 169//168
f 171//169 172//169 173//169
f 172//170 174//170 173//170
f 175//171 176//171 177//171
f 177//172 176//172 178//172
f 178//173 176//173 179//173
f 179//174 176//174 180//174
f 180//175 176//175 181//175
f 181//176 176//176 182//176
f 182//177 176//177 183//177
f 183//178 176//178 184//178
f 184//179 176//179 185//179
f 185//180 176//180 186//180
f 186//181 176//181 187//181
f 187//182 176//182 188//182
f 188//183 176//183 189//183
f 189//184 176//184 190//184
f 190//185 176//185 191//185
f 191//186 176//186 174//186
f 174//187 176//187 173//187
f 175//188 192//188 176//188
f 192//189 193//189 176//189
f 193//190 194//190 176//190
f 194//191 195//191 176//191
f 195//192 196//192 176//192
f 196//193 197//193 176//193
f 197//194 198//194 176//194
f 198//195 199//195 176//195
f 199//196 200//196 176//196
f 200//197 201//197 176//197
f 201//198 202//198 176//198
f 202//199 203//199 176//199
f 203//200 204//200 176//200
f 204//201 205//201 176//201
f 206//202 207//202 208//202
f 208//203 207//203 205//203
f 205//204 207//204 176//204
f 206//205 209//205 207//205
f 206//206 210//206 209//206
f 206//207 211//207 210//207
f 212//208 213//208 206//208
f 206//209 213//209 211//209
f 214//210 215//210 212//210
f 216//211 215//211 214//211
f 212//212 215//212 213//212
f 217//213 218//213 216//213
f 216//214 218//214 215//214
f 219//215 220//215 217//215
f 217//216 220//216 218//216
f 221//217 222//217 219//217
f 223//218 222//218 221//218
f 219//219 222//219 220//219
f 224//220 225//220 223//220
f 223//221 225//221 222//221
f 226//222 227//222 224//222
f 224//223 227//223 225//223
f 228//224 229//224 226//224
f 230//225 229//225 228//225
f 226//226 229//226 227//226
f 231//227 232//227 230//227
f 230//228 232//228 229//228
f 233//229 234//229 231//229
f 231//230 234//230 232//230
f 233//231 235//231 234//231
f 235//232 236//232 234//232
f 235//233 237//233 236//233
f 237//234 238//234 236//234
f 237//235 239//235 238//235
f 239//236 240//236 238//236
f 239//237 241//237 240//237
f 241//238 242//238 240//238
f 240//239 242//239 243//239
f 242//240 244//240 243//240
f 243//241 244//241 245//241
f 244//242 246//242 245//242
f 245//243 246//243 247//243
f 246//244 248//244 247//244
f 248//245 249//245 247//245
f 247//246 249//246 250//246
f 249//247 251//247 250//247
f 250//248 251//248 252//248
f 251//249 253//249 252//249
f 253//250 254//250 252//250
f 252//251 254//251 255//251
f 254//252 256//252 255//252
f 255//253 256//253 257//253
f 256//254 258//254 257//254
f 257//255 258//255 259//255
f 258//256 260//256 259//256
f 259//257 260//257 261//257
f 260//258 262//258 261//258
f 262//259 263//259 261//259
f 261//260 263//260 264//260
f 263//261 265//261 264//261
f 264//262 265//262 266//262
f 267//263 268//263 269//263
f 269//264 268//264 270//264
f 265//265 268//265 266//265
f 266//266 268//266 267//266
f 268//267 271//267 270//267
f 268//268 272//268 271//268
f 272//269 273//269 274//269
f 268//270 273//270 272//270
f 273//271 275//271 274//271
f 276//272 277//272 278//272
f 278//273 277//273 275//273
f 275//274 277//274 274//274
f 279//275 277//275 280//275
f 280//276 277//276 281//276
f 281//277 277//277 276//277
f 282//278 283//278 284//278
f 284//279 283//279 285//279
f 285//280 283//280 286//280
f 286//281 283//281 287//281
f 287//282 283//282 288//282
f 283//283 289//283 288//283
f 288//284 289//284 290//284
f 279//285 291//285 277//285
f 292//286 291//286 279//286
f 289//287 293//287 290//287
f 292//288 294//288 291//288
f 293//289 295//289 290//289
f 290//290 295//290 296//290
f 292//291 297//291 294//291
f 298//292 297//292 292//292
f 296//293 299//293 300//293
f 295//294 299//294 296//294
f 298//295 301//295 297//295
f 302//296 301//296 298//296
f 299//297 303//297 300//297
f 300//298 303//298 304//298
f 302//299 305//299 301//299
f 306//300 305//300 302//300
f 303//301 307//301 304//301
f 306//302 308//302 305//302
f 307//303 309//303 304//303
f 304//304 309//304 310//304
f 306//305 311//305 308//305
f 312//306 311//306 306//306
f 309//307 313//307 310//307
f 310//308 313//308 314//308
f 312//309 315//309 311//309
f 316//310 315//310 312//310
f 313//311 317//311 314//311
f 316//312 318//312 315//312
f 314//313 319//313 320//313
f 317//314 319//314 314//314
f 316//315 321//315 318//315
f 322//316 321//316 316//316
f 320//317 323//317 324//317
f 319//318 323//318 320//318
f 325//319 326//319 322//319
f 322//320 326//320 321//320
f 324//321 327//321 328//321
f 323//322 327//322 324//322
f 329//323 330//323 325//323
f 325//324 330//324 326//324
f 327//325 331//325 328//325
f 329//326 332//326 330//326
f 328//327 333//327 334//327
f 331//328 333//328 328//328
f 329//329 335//329 332//329
f 336//330 335//330 329//330
f 333//331 337//331 334//331
f 334//332 337//332 338//332
f 336//333 339//333 335//333
f 338//334 339//334 336//334
f 337//335 340//335 338//335
f 338//336 340//336 339//336
f 165//337 283//337 170//337
f 170//338 283//338 282//338
f 341//339 165//339 342//339
f 283//340 165//340 341//340
f 283//341 343//341 289//341
f 341//342 343//342 283//342
f 289//343 344//343 293//343
f 293//344 344//344 295//344
f 343//345 344//345 289//345
f 344//346 345//346 295//346
f 295//347 346//347 299//347
f 299//348 346//348 303//348
f 345//349 346//349 295//349
f 346//350 347//350 303//350
f 303//351 348//351 307//351
f 347//352 348//352 303//352
f 307//353 349//353 309//353
f 348//354 349//354 307//354
f 309//355 350//355 313//355
f 313//356 350//356 317//356
f 349//357 350//357 309//357
f 350//358 351//358 317//358
f 317//359 351//359 319//359
f 351//360 352//360 319//360
f 352//361 353//361 319//361
f 319//362 353//362 323//362
f 323//363 353//363 327//363
f 353//364 354//364 327//364
f 327//365 355//365 331//365
f 354//366 355//366 327//366
f 331//367 356//367 333//367
f 355//368 356//368 331//368
f 333//369 357//369 337//369
f 356//370 357//370 333//370
f 337//371 358//371 340//371
f 357//372 358//372 337//372
f 340//373 359//373 339//373
f 339//374 359//374 335//374
f 358//375 359//375 340//375
f 359//376 360//376 335//376
f 335//377 361//377 332//377
f 332//378 361//378 330//378
f 360//379 361//379 335//379
f 361//380 362//380 330//380
f 330//381 363//381 326//381
f 362//382 363//382 330//382
f 326//383 364//383 321//383
f 363//384 364//384 326//384
f 321//385 365//385 318//385
f 318//386 365//386 315//386
f 364//387 365//387 321//387
f 365//388 366//388 315//388
f 315//389 367//389 311//389
f 366//390 367//390 315//390
f 311//391 368//391 308//391
f 308//392 368//392 305//392
f 367//393 368//393 311//393
f 368//394 369//394 305//394
f 305//395 370//395 301//395
f 369//396 370//396 305//396
f 301//397 371//397 297//397
f 370//398 371//398 301//398
f 297//399 372//399 294//399
f 371//400 372//400 297//400
f 294//401 373//401 291//401
f 291//402 373//402 277//402
f 372//403 373//403 294//403
f 373//404 374//404 277//404
f 105//405 375//405 111//405
f 375//406 376//406 111//406
f 111//407 377//407 113//407
f 376//408 377//408 111//408
f 113//409 378//409 115//409
f 377//410 378//410 113//410
f 115//411 379//411 116//411
f 116//412 379//412 118//412
f 378//413 379//413 115//413
f 379//414 380//414 118//414
f 118//415 381//415 120//415
f 380//416 381//416 118//416
f 120//417 382//417 122//417
f 381//418 382//418 120//418
f 122//419 383//419 123//419
f 382//420 383//420 122//420
f 383//421 384//421 123//421
f 123//422 384//422 125//422
f 125//423 384//423 127//423
f 127//424 385//424 128//424
f 384//425 385//425 127//425
f 385//426 386//426 128//426
f 128//427 387//427 130//427
f 130//428 387//428 132//428
f 386//429 387//429 128//429
f 387//430 388//430 132//430
f 132//431 389//431 134//431
f 388//432 389//432 132//432
f 134//433 390//433 136//433
f 136//434 390//434 138//434
f 389//435 390//435 134//435
f 390//436 391//436 138//436
f 138//437 392//437 139//437
f 139//438 392//438 141//438
f 391//439 392//439 138//439
f 392//440 393//440 141//440
f 141//441 394//441 143//441
f 393//442 394//442 141//442
f 143//443 395//443 144//443
f 394//444 395//444 143//444
f 144//445 396//445 146//445
f 395//446 396//446 144//446
f 146//447 397//447 148//447
f 396//448 397//448 146//448
f 148//449 398//449 150//449
f 150//450 398//450 151//450
f 397//451 398//451 148//451
f 398//452 399//452 151//452
f 151//453 400//453 153//453
f 399//454 400//454 151//454
f 153//455 401//455 155//455
f 400//456 401//456 153//456
f 155//457 402//457 156//457
f 401//458 402//458 155//458
f 156//459 403//459 158//459
f 402//460 403//460 156//460
f 158//461 404//461 160//461
f 403//462 404//462 158//462
f 160//463 405//463 162//463
f 162//464 405//464 163//464
f 404//465 405//465 160//465
f 405//466 406//466 163//466
f 163//467 342//467 165//467
f 406//468 342//468 163//468
f 274//469 277//469 374//469
f 274//470 374//470 407//470
f 105//471 39//471 408//471
f 105//472 408//472 375//472
f 272//473 274//473 407//473
f 272//474 407//474 409//474
f 39//475 38//475 410//475
f 39//476 410//476 408//476
f 411//477 207//477 209//477
f 411//478 412//478 207//478
f 413//479 209//479 210//479
f 413//480 210//480 211//480
f 413//481 411//481 209//481
f 414//482 211//482 213//482
f 414//483 413//483 211//483
f 415//484 414//484 213//484
f 416//485 213//485 215//485
f 416//486 215//486 218//486
f 416//487 415//487 213//487
f 417//488 416//488 218//488
f 418//489 218//489 220//489
f 418//490 417//490 218//490
f 419//491 418//491 220//491
f 419//492 220//492 222//492
f 420//493 419//493 222//493
f 420//494 222//494 225//494
f 421//495 225//495 227//495
f 421//496 420//496 225//496
f 422//497 227//497 229//497
f 422//498 421//498 227//498
f 423//499 229//499 232//499
f 423//500 422//500 229//500
f 424//501 232//501 234//501
f 424//502 423//502 232//502
f 425//503 234//503 236//503
f 425//504 424//504 234//504
f 426//505 236//505 238//505
f 426//506 425//506 236//506
f 427//507 238//507 240//507
f 427//508 240//508 243//508
f 427//509 426//509 238//509
f 428//510 427//510 243//510
f 429//511 243//511 245//511
f 429//512 428//512 243//512
f 430//513 245//513 247//513
f 430//514 247//514 250//514
f 430//515 429//515 245//515
f 431//516 430//516 250//516
f 432//517 250//517 252//517
f 432//518 252//518 255//518
f 432//519 431//519 250//519
f 433//520 432//520 255//520
f 434//521 255//521 257//521
f 434//522 433//522 255//522
f 435//523 257//523 259//523
f 435//524 259//524 261//524
f 435//525 434//525 257//525
f 436//526 435//526 261//526
f 437//527 261//527 264//527
f 437//528 264//528 266//528
f 437//529 436//529 261//529
f 438//530 437//530 266//530
f 439//531 266//531 267//531
f 439//532 438//532 266//532
f 440//533 267//533 269//533
f 440//534 269//534 270//534
f 440//535 439//535 267//535
f 441//536 440//536 270//536
f 442//537 270//537 271//537
f 442//538 441//538 270//538
f 409//539 271//539 272//539
f 409//540 442//540 271//540
f 443//541 38//541 42//541
f 443//542 410//542 38//542
f 444//543 42//543 43//543
f 444//544 43//544 44//544
f 444//545 443//545 42//545
f 445//546 444//546 44//546
f 446//547 44//547 45//547
f 446//548 45//548 54//548
f 446//549 445//549 44//549
f 447//550 54//550 58//550
f 447//551 446//551 54//551
f 448//552 447//552 58//552
f 449//553 58//553 64//553
f 449//554 448//554 58//554
f 450//555 449//555 64//555
f 450//556 64//556 68//556
f 451//557 450//557 68//557
f 451//558 68//558 72//558
f 452//559 72//559 76//559
f 452//560 451//560 72//560
f 452//561 76//561 82//561
f 453//562 452//562 82//562
f 454//563 453//563 82//563
f 454//564 82//564 84//564
f 455//565 84//565 90//565
f 455//566 454//566 84//566
f 456//567 90//567 96//567
f 456//568 96//568 100//568
f 456//569 455//569 90//569
f 457//570 456//570 100//570
f 458//571 100//571 102//571
f 458//572 102//572 98//572
f 458//573 457//573 100//573
f 459//574 458//574 98//574
f 460//575 98//575 94//575
f 460//576 459//576 98//576
f 461//577 94//577 88//577
f 461//578 460//578 94//578
f 462//579 88//579 86//579
f 462//580 86//580 80//580
f 462//581 461//581 88//581
f 463//582 462//582 80//582
f 464//583 80//583 74//583
f 464//584 463//584 80//584
f 465//585 74//585 70//585
f 465//586 70//586 65//586
f 465//587 464//587 74//587
f 466//588 465//588 65//588
f 467//589 65//589 61//589
f 467//590 466//590 65//590
f 468//591 61//591 55//591
f 468//592 467//592 61//592
f 469//593 55//593 52//593
f 469//594 468//594 55//594
f 470//595 52//595 47//595
f 470//596 47//596 48//596
f 470//597 469//597 52//597
f 471//598 470//598 48//598
f 472//599 48//599 49//599
f 472//600 49//600 50//600
f 472//601 471//601 48//601
f 473//602 472//602 50//602
f 474//603 50//603 35//603
f 474//604 473//604 50//604
f 176//605 207//605 412//605
f 176//606 412//606 475//606
f 35//607 3//607 476//607
f 35//608 476//608 474//608
f 477//609 173//609 475//609
f 173//610 176//610 475//610
f 3//611 34//611 478//611
f 3//612 478//612 476//612
f 171//613 173//613 479//613
f 479//614 173//614 477//614
f 34//615 40//615 480//615
f 34//616 480//616 478//616
f 172//617 171//617 481//617
f 481//618 171//618 479//618
f 40//619 33//619 482//619
f 40//620 482//620 480//620
f 483//621 208//621 205//621
f 483//622 484//622 208//622
f 485//623 205//623 204//623
f 485//624 204//624 203//624
f 485//625 483//625 205//625
f 486//626 485//626 203//626
f 487//627 203//627 202//627
f 487//628 202//628 201//628
f 487//629 486//629 203//629
f 488//630 487//630 201//630
f 489//631 201//631 200//631
f 489//632 488//632 201//632
f 490//633 200//633 199//633
f 490//634 489//634 200//634
f 491//635 199//635 198//635
f 491//636 198//636 197//636
f 491//637 490//637 199//637
f 492//638 491//638 197//638
f 492//639 197//639 196//639
f 493//640 492//640 196//640
f 494//641 493//641 196//641
f 494//642 196//642 195//642
f 494//643 195//643 194//643
f 495//644 494//644 194//644
f 496//645 194//645 193//645
f 496//646 495//646 194//646
f 497//647 193//647 192//647
f 497//648 496//648 193//648
f 498//649 192//649 175//649
f 498//650 497//650 192//650
f 499//651 175//651 177//651
f 499//652 498//652 175//652
f 500//653 177//653 178//653
f 500//654 178//654 179//654
f 500//655 499//655 177//655
f 501//656 500//656 179//656
f 502//657 179//657 180//657
f 502//658 180//658 181//658
f 502//659 501//659 179//659
f 503//660 502//660 181//660
f 504//661 181//661 182//661
f 504//662 503//662 181//662
f 505//663 182//663 183//663
f 505//664 504//664 182//664
f 506//665 183//665 184//665
f 506//666 184//666 185//666
f 506//667 505//667 183//667
f 507//668 506//668 185//668
f 508//669 185//669 186//669
f 508//670 507//670 185//670
f 509//671 186//671 187//671
f 509//672 187//672 188//672
f 509//673 508//673 186//673
f 510//674 509//674 188//674
f 511//675 188//675 189//675
f 511//676 510//676 188//676
f 512//677 189//677 190//677
f 512//678 511//678 189//678
f 513//679 190//679 191//679
f 513//680 512//680 190//680
f 514//681 191//681 174//681
f 514//682 174//682 172//682
f 514//683 513//683 191//683
f 481//684 514//684 172//684
f 36//685 515//685 32//685
f 516//686 515//686 36//686
f 32//687 517//687 30//687
f 30//688 517//688 28//688
f 515//689 517//689 32//689
f 517//690 518//690 28//690
f 28//691 519//691 26//691
f 26//692 519//692 24//692
f 518//693 519//693 28//693
f 519//694 520//694 24//694
f 24//695 521//695 22//695
f 520//696 521//696 24//696
f 22//697 522//697 20//697
f 521//698 522//698 22//698
f 20//699 523//699 18//699
f 18//700 523//700 16//700
f 522//701 523//701 20//701
f 523//702 524//702 16//702
f 16//703 524//703 14//703
f 524//704 525//704 14//704
f 525//705 526//705 14//705
f 14//706 526//706 12//706
f 12//707 526//707 10//707
f 526//708 527//708 10//708
f 10//709 528//709 8//709
f 527//710 528//710 10//710
f 8//711 529//711 6//711
f 528//712 529//712 8//712
f 6//713 530//713 4//713
f 529//714 530//714 6//714
f 4//715 531//715 1//715
f 530//716 531//716 4//716
f 1//717 532//717 2//717
f 2//718 532//718 5//718
f 531//719 532//719 1//719
f 532//720 533//720 5//720
f 5//721 534//721 7//721
f 7//722 534//722 9//722
f 533//723 534//723 5//723
f 534//724 535//724 9//724
f 9//725 536//725 11//725
f 535//726 536//726 9//726
f 11//727 537//727 13//727
f 536//728 537//728 11//728
f 13//729 538//729 15//729
f 15//730 538//730 17//730
f 537//731 538//731 13//731
f 538//732 539//732 17//732
f 17//733 540//733 19//733
f 539//734 540//734 17//734
f 19//735 541//735 21//735
f 21//736 541//736 23//736
f 540//737 541//737 19//737
f 541//738 542//738 23//738
f 23//739 543//739 25//739
f 542//740 543//740 23//740
f 25//741 544//741 27//741
f 543//742 544//742 25//742
f 27//743 545//743 29//743
f 544//744 545//744 27//744
f 29//745 546//745 31//745
f 31//746 546//746 33//746
f 545//747 546//747 29//747
f 546//748 482//748 33//748
f 206//749 208//749 484//749
f 206//750 484//750 547//750
f 36//751 46//751 548//751
f 36//752 548//752 516//752
f 206//753 549//753 212//753
f 547//754 549//754 206//754
f 212//755 550//755 214//755
f 214//756 550//756 216//756
f 549//757 550//757 212//757
f 216//758 551//758 217//758
f 550//759 551//759 216//759
f 551//760 552//760 217//760
f 217//761 553//761 219//761
f 219//762 553//762 221//762
f 552//763 553//763 217//763
f 553//764 554//764 221//764
f 221//765 555//765 223//765
f 554//766 555//766 221//766
f 555//767 556//767 223//767
f 223//768 556//768 224//768
f 556//769 557//769 224//769
f 224//770 557//770 226//770
f 226//771 558//771 228//771
f 557//772 558//772 226//772
f 228//773 559//773 230//773
f 558//774 559//774 228//774
f 230//775 560//775 231//775
f 559//776 560//776 230//776
f 231//777 561//777 233//777
f 560//778 561//778 231//778
f 233//779 562//779 235//779
f 561//780 562//780 233//780
f 235//781 563//781 237//781
f 562//782 563//782 235//782
f 237//783 564//783 239//783
f 239//784 564//784 241//784
f 563//785 564//785 237//785
f 564//786 565//786 241//786
f 241//787 566//787 242//787
f 565//788 566//788 241//788
f 242//789 567//789 244//789
f 244//790 567//790 246//790
f 566//791 567//791 242//791
f 567//792 568//792 246//792
f 246//793 569//793 248//793
f 248//794 569//794 249//794
f 568//795 569//795 246//795
f 569//796 570//796 249//796
f 249//797 571//797 251//797
f 570//798 571//798 249//798
f 251//799 572//799 253//799
f 253//800 572//800 254//800
f 571//801 572//801 251//801
f 572//802 573//802 254//802
f 254//803 574//803 256//803
f 256//804 574//804 258//804
f 573//805 574//805 254//805
f 574//806 575//806 258//806
f 258//807 576//807 260//807
f 575//808 576//808 258//808
f 260//809 577//809 262//809
f 262//810 577//810 263//810
f 576//811 577//811 260//811
f 577//812 578//812 263//812
f 263//813 579//813 265//813
f 578//814 579//814 263//814
f 265//815 580//815 268//815
f 579//816 580//816 265//816
f 581//817 46//817 51//817
f 581//818 548//818 46//818
f 582//819 51//819 56//819
f 582//820 56//820 59//820
f 582//821 581//821 51//821
f 583//822 59//822 62//822
f 583//823 582//823 59//823
f 584//824 583//824 62//824
f 585//825 62//825 66//825
f 585//826 66//826 69//826
f 585//827 584//827 62//827
f 586//828 585//828 69//828
f 587//829 69//829 73//829
f 587//830 586//830 69//830
f 588//831 587//831 73//831
f 588//832 73//832 77//832
f 589//833 588//833 77//833
f 589//834 77//834 79//834
f 590//835 79//835 85//835
f 590//836 589//836 79//836
f 591//837 85//837 87//837
f 591//838 590//838 85//838
f 592//839 87//839 91//839
f 592//840 591//840 87//840
f 593//841 91//841 93//841
f 593//842 592//842 91//842
f 594//843 93//843 97//843
f 594//844 593//844 93//844
f 595//845 97//845 101//845
f 595//846 594//846 97//846
f 596//847 101//847 104//847
f 596//848 104//848 103//848
f 596//849 595//849 101//849
f 597//850 596//850 103//850
f 598//851 103//851 99//851
f 598//852 597//852 103//852
f 599//853 99//853 95//853
f 599//854 95//854 92//854
f 599//855 598//855 99//855
f 600//856 599//856 92//856
f 601//857 92//857 89//857
f 601//858 89//858 83//858
f 601//859 600//859 92//859
f 602//860 601//860 83//860
f 603//861 83//861 81//861
f 603//862 602//862 83//862
f 604//863 81//863 78//863
f 604//864 78//864 75//864
f 604//865 603//865 81//865
f 605//866 604//866 75//866
f 606//867 75//867 71//867
f 606//868 71//868 67//868
f 606//869 605//869 75//869
f 607//870 606//870 67//870
f 608//871 67//871 63//871
f 608//872 607//872 67//872
f 609//873 63//873 60//873
f 609//874 60//874 57//874
f 609//875 608//875 63//875
f 610//876 609//876 57//876
f 611//877 57//877 53//877
f 611//878 610//878 57//878
f 612//879 53//879 41//879
f 612//880 611//880 53//880
f 273//881 268//881 580//881
f 273//882 580//882 613//882
f 41//883 37//883 614//883
f 41//884 614//884 612//884
f 615//885 275//885 613//885
f 275//886 273//886 613//886
f 614//887 37//887 616//887
f 37//888 106//888 616//888
f 617//889 282//889 284//889
f 617//890 618//890 282//890
f 619//891 284//891 285//891
f 619//892 285//892 286//892
f 619//893 617//893 284//893
f 620//894 619//894 286//894
f 621//895 286//895 287//895
f 621//896 287//896 288//896
f 621//897 620//897 286//897
f 622//898 621//898 288//898
f 623//899 288//899 290//899
f 623//900 622//900 288//900
f 624//901 290//901 296//901
f 624//902 623//902 290//902
f 625//903 296//903 300//903
f 625//904 300//904 304//904
f 625//905 624//905 296//905
f 626//906 625//906 304//906
f 626//907 304//907 310//907
f 627//908 626//908 310//908
f 628//909 627//909 310//909
f 628//910 310//910 314//910
f 628//911 314//911 320//911
f 629//912 628//912 320//912
f 630//913 320//913 324//913
f 630//914 629//914 320//914
f 631//915 324//915 328//915
f 631//916 630//916 324//916
f 632//917 328//917 334//917
f 632//918 631//918 328//918
f 633//919 334//919 338//919
f 633//920 632//920 334//920
f 634//921 338//921 336//921
f 634//922 336//922 329//922
f 634//923 633//923 338//923
f 635//924 634//924 329//924
f 636//925 329//925 325//925
f 636//926 325//926 322//926
f 636//927 635//927 329//927
f 637//928 636//928 322//928
f 638//929 322//929 316//929
f 638//930 637//930 322//930
f 639//931 316//931 312//931
f 639//932 638//932 316//932
f 640//933 312//933 306//933
f 640//934 306//934 302//934
f 640//935 639//935 312//935
f 641//936 640//936 302//936
f 642//937 302//937 298//937
f 642//938 641//938 302//938
f 643//939 298//939 292//939
f 643//940 292//940 279//940
f 643//941 642//941 298//941
f 644//942 643//942 279//942
f 645//943 279//943 280//943
f 645//944 644//944 279//944
f 646//945 280//945 281//945
f 646//946 645//946 280//946
f 647//947 281//947 276//947
f 647//948 646//948 281//948
f 648//949 276//949 278//949
f 648//950 278//950 275//950
f 648//951 647//951 276//951
f 615//952 648//952 275//952
f 616//953 106//953 107//953
f 649//954 616//954 107//954
f 650//955 107//955 108//955
f 650//956 649//956 107//956
f 651//957 108//957 109//957
f 651//958 650//958 108//958
f 652//959 109//959 110//959
f 652//960 110//960 112//960
f 652//961 651//961 109//961
f 653//962 652//962 112//962
f 654//963 112//963 114//963
f 654//964 653//964 112//964
f 655//965 114//965 117//965
f 655//966 654//966 114//966
f 656//967 117//967 119//967
f 656//968 655//968 117//968
f 657//969 656//969 119//969
f 657//970 119//970 121//970
f 657//971 121//971 124//971
f 658//972 124//972 126//972
f 658//973 657//973 124//973
f 659//974 658//974 126//974
f 660//975 126//975 129//975
f 660//976 129//976 131//976
f 660//977 659//977 126//977
f 661//978 660//978 131//978
f 662//979 131//979 133//979
f 662//980 661//980 131//980
f 663//981 133//981 135//981
f 663//982 135//982 137//982
f 663//983 662//983 133//983
f 664//984 663//984 137//984
f 665//985 137//985 140//985
f 665//986 140//986 142//986
f 665//987 664//987 137//987
f 666//988 665//988 142//988
f 667//989 142//989 145//989
f 667//990 666//990 142//990
f 668//991 145//991 147//991
f 668//992 667//992 145//992
f 669//993 147//993 149//993
f 669//994 668//994 147//994
f 670//995 149//995 152//995
f 670//996 669//996 149//996
f 671//997 152//997 154//997
f 671//998 154//998 157//998
f 671//999 670//999 152//999
f 672//1000 671//1000 157//1000
f 673//1001 157//1001 159//1001
f 673//1002 672//1002 157//1002
f 674//1003 159//1003 161//1003
f 674//1004 673//1004 159//1004
f 675//1005 161//1005 164//1005
f 675//1006 674//1006 161//1006
f 676//1007 164//1007 166//1007
f 676//1008 675//1008 164//1008
f 677//1009 166//1009 167//1009
f 677//1010 676//1010 166//1010
f 678//1011 167//1011 168//1011
f 678//1012 168//1012 169//1012
f 678//1013 677//1013 167//1013
f 679//1014 678//1014 169//1014
f 680//1015 169//1015 170//1015
f 680//1016 679//1016 169//1016
f 170//1017 282//1017 680//1017
f 680//1018 282//1018 618//1018
f 532//1019 531//1019 476//1019
f 530//1020 476//1020 531//1020
f 533//1021 532//1021 476//1021
f 529//1022 476//1022 530//1022
f 534//1023 533//1023 476//1023
f 528//1024 476//1024 529//1024
f 535//1025 534//1025 476//1025
f 527//1026 476//1026 528//1026
f 536//1027 535//1027 476//1027
f 526//1028 476//1028 527//1028
f 537//1029 536//1029 476//1029
f 525//1030 476//1030 526//1030
f 538//1031 537//1031 476//1031
f 524//1032 476//1032 525//1032
f 539//1033 538//1033 476//1033
f 523//1034 476//1034 524//1034
f 540//1035 539//1035 476//1035
f 522//1036 476//1036 523//1036
f 541//1037 540//1037 476//1037
f 521//1038 476//1038 522//1038
f 542//1039 541//1039 476//1039
f 520//1040 476//1040 521//1040
f 543//1041 542//1041 476//1041
f 519//1042 476//1042 520//1042
f 544//1043 543//1043 476//1043
f 518//1044 476//1044 519//1044
f 545//1045 544//1045 476//1045
f 517//1046 476//1046 518//1046
f 546//1047 545//1047 476//1047
f 515//1048 476//1048 517//1048
f 478//1049 482//1049 546//1049
f 478//1050 546//1050 476//1050
f 474//1051 476//1051 515//1051
f 474//1052 515//1052 516//1052
f 410//1053 614//1053 408//1053
f 480//1054 482//1054 478//1054
f 612//1055 614//1055 410//1055
f 612//1056 410//1056 443//1056
f 612//1057 443//1057 444//1057
f 612//1058 444//1058 445//1058
f 612//1059 445//1059 446//1059
f 548//1060 474//1060 516//1060
f 548//1061 470//1061 471//1061
f 548//1062 471//1062 472//1062
f 548//1063 472//1063 473//1063
f 548//1064 473//1064 474//1064
f 581//1065 470//1065 548//1065
f 581//1066 469//1066 470//1066
f 611//1067 446//1067 447//1067
f 611//1068 612//1068 446//1068
f 582//1069 468//1069 469//1069
f 582//1070 469//1070 581//1070
f 610//1071 447//1071 448//1071
f 610//1072 611//1072 447//1072
f 583//1073 468//1073 582//1073
f 609//1074 610//1074 448//1074
f 584//1075 467//1075 468//1075
f 584//1076 468//1076 583//1076
f 608//1077 448//1077 449//1077
f 608//1078 609//1078 448//1078
f 585//1079 466//1079 467//1079
f 585//1080 467//1080 584//1080
f 607//1081 449//1081 450//1081
f 607//1082 608//1082 449//1082
f 586//1083 466//1083 585//1083
f 586//1084 465//1084 466//1084
f 606//1085 450//1085 451//1085
f 606//1086 607//1086 450//1086
f 587//1087 465//1087 586//1087
f 587//1088 464//1088 465//1088
f 605//1089 606//1089 451//1089
f 605//1090 451//1090 452//1090
f 588//1091 464//1091 587//1091
f 604//1092 605//1092 452//1092
f 589//1093 464//1093 588//1093
f 589//1094 463//1094 464//1094
f 603//1095 604//1095 452//1095
f 603//1096 452//1096 453//1096
f 602//1097 603//1097 453//1097
f 602//1098 453//1098 454//1098
f 590//1099 463//1099 589//1099
f 590//1100 462//1100 463//1100
f 591//1101 462//1101 590//1101
f 591//1102 461//1102 462//1102
f 601//1103 602//1103 454//1103
f 601//1104 454//1104 455//1104
f 592//1105 461//1105 591//1105
f 600//1106 601//1106 455//1106
f 593//1107 461//1107 592//1107
f 593//1108 460//1108 461//1108
f 599//1109 600//1109 455//1109
f 599//1110 455//1110 456//1110
f 594//1111 460//1111 593//1111
f 594//1112 459//1112 460//1112
f 598//1113 599//1113 456//1113
f 598//1114 456//1114 457//1114
f 595//1115 459//1115 594//1115
f 595//1116 458//1116 459//1116
f 597//1117 598//1117 457//1117
f 597//1118 457//1118 458//1118
f 596//1119 458//1119 595//1119
f 596//1120 597//1120 458//1120
f 616//1121 375//1121 408//1121
f 616//1122 408//1122 614//1122
f 649//1123 375//1123 616//1123
f 650//1124 375//1124 649//1124
f 651//1125 375//1125 650//1125
f 652//1126 375//1126 651//1126
f 653//1127 376//1127 375//1127
f 653//1128 375//1128 652//1128
f 654//1129 377//1129 376//1129
f 654//1130 378//1130 377//1130
f 654//1131 376//1131 653//1131
f 655//1132 379//1132 378//1132
f 655//1133 378//1133 654//1133
f 656//1134 380//1134 379//1134
f 656//1135 379//1135 655//1135
f 657//1136 381//1136 380//1136
f 657//1137 382//1137 381//1137
f 657//1138 380//1138 656//1138
f 658//1139 383//1139 382//1139
f 658//1140 382//1140 657//1140
f 659//1141 384//1141 383//1141
f 659//1142 385//1142 384//1142
f 659//1143 383//1143 658//1143
f 660//1144 386//1144 385//1144
f 660//1145 385//1145 659//1145
f 661//1146 387//1146 386//1146
f 661//1147 386//1147 660//1147
f 662//1148 388//1148 387//1148
f 662//1149 389//1149 388//1149
f 662//1150 387//1150 661//1150
f 663//1151 389//1151 662//1151
f 390//1152 389//1152 663//1152
f 664//1153 390//1153 663//1153
f 391//1154 390//1154 664//1154
f 392//1155 391//1155 664//1155
f 392//1156 664//1156 665//1156
f 393//1157 392//1157 665//1157
f 666//1158 393//1158 665//1158
f 394//1159 393//1159 666//1159
f 395//1160 394//1160 666//1160
f 395//1161 666//1161 667//1161
f 396//1162 395//1162 667//1162
f 396//1163 667//1163 668//1163
f 397//1164 396//1164 668//1164
f 397//1165 668//1165 669//1165
f 398//1166 397//1166 669//1166
f 399//1167 398//1167 669//1167
f 399//1168 669//1168 670//1168
f 400//1169 399//1169 670//1169
f 400//1170 670//1170 671//1170
f 401//1171 400//1171 671//1171
f 402//1172 401//1172 671//1172
f 402//1173 671//1173 672//1173
f 403//1174 402//1174 672//1174
f 403//1175 672//1175 673//1175
f 404//1176 403//1176 673//1176
f 404//1177 673//1177 674//1177
f 405//1178 404//1178 674//1178
f 406//1179 405//1179 674//1179
f 406//1180 674//1180 675//1180
f 342//1181 406//1181 675//1181
f 342//1182 675//1182 676//1182
f 342//1183 676//1183 677//1183
f 342//1184 677//1184 678//1184
f 342//1185 678//1185 679//1185
f 680//1186 342//1186 679//1186
f 481//1187 479//1187 477//1187
f 514//1188 481//1188 477//1188
f 475//1189 498//1189 499//1189
f 475//1190 499//1190 500//1190
f 475//1191 500//1191 501//1191
f 475//1192 501//1192 502//1192
f 475//1193 502//1193 503//1193
f 475//1194 503//1194 504//1194
f 475//1195 504//1195 505//1195
f 475//1196 505//1196 506//1196
f 475//1197 506//1197 507//1197
f 475//1198 507//1198 508//1198
f 475//1199 508//1199 509//1199
f 475//1200 509//1200 510//1200
f 475//1201 510//1201 511//1201
f 475//1202 511//1202 512//1202
f 475//1203 512//1203 513//1203
f 475//1204 513//1204 514//1204
f 475//1205 514//1205 477//1205
f 497//1206 498//1206 475//1206
f 496//1207 497//1207 475//1207
f 495//1208 496//1208 475//1208
f 494//1209 495//1209 475//1209
f 493//1210 494//1210 475//1210
f 492//1211 493//1211 475//1211
f 491//1212 492//1212 475//1212
f 490//1213 491//1213 475//1213
f 489//1214 490//1214 475//1214
f 488//1215 489//1215 475//1215
f 487//1216 488//1216 475//1216
f 486//1217 487//1217 475//1217
f 485//1218 486//1218 475//1218
f 483//1219 485//1219 475//1219
f 412//1220 547//1220 484//1220
f 412//1221 484//1221 483//1221
f 412//1222 483//1222 475//1222
f 411//1223 547//1223 412//1223
f 413//1224 547//1224 411//1224
f 414//1225 547//1225 413//1225
f 415//1226 549//1226 547//1226
f 415//1227 547//1227 414//1227
f 416//1228 550//1228 549//1228
f 416//1229 551//1229 550//1229
f 416//1230 549//1230 415//1230
f 417//1231 552//1231 551//1231
f 417//1232 551//1232 416//1232
f 418//1233 553//1233 552//1233
f 418//1234 552//1234 417//1234
f 419//1235 554//1235 553//1235
f 419//1236 555//1236 554//1236
f 419//1237 553//1237 418//1237
f 420//1238 556//1238 555//1238
f 420//1239 555//1239 419//1239
f 421//1240 557//1240 556//1240
f 421//1241 556//1241 420//1241
f 422//1242 558//1242 557//1242
f 422//1243 559//1243 558//1243
f 422//1244 557//1244 421//1244
f 423//1245 560//1245 559//1245
f 423//1246 559//1246 422//1246
f 424//1247 561//1247 560//1247
f 424//1248 560//1248 423//1248
f 562//1249 561//1249 424//1249
f 425//1250 562//1250 424//1250
f 563//1251 562//1251 425//1251
f 426//1252 563//1252 425//1252
f 564//1253 563//1253 426//1253
f 427//1254 564//1254 426//1254
f 565//1255 564//1255 427//1255
f 566//1256 565//1256 427//1256
f 566//1257 427//1257 428//1257
f 567//1258 566//1258 428//1258
f 567//1259 428//1259 429//1259
f 568//1260 567//1260 429//1260
f 568//1261 429//1261 430//1261
f 569//1262 568//1262 430//1262
f 570//1263 569//1263 430//1263
f 570//1264 430//1264 431//1264
f 571//1265 570//1265 431//1265
f 571//1266 431//1266 432//1266
f 572//1267 571//1267 432//1267
f 573//1268 572//1268 432//1268
f 573//1269 432//1269 433//1269
f 574//1270 573//1270 433//1270
f 574//1271 433//1271 434//1271
f 575//1272 574//1272 434//1272
f 575//1273 434//1273 435//1273
f 576//1274 575//1274 435//1274
f 576//1275 435//1275 436//1275
f 577//1276 576//1276 436//1276
f 578//1277 577//1277 436//1277
f 578//1278 436//1278 437//1278
f 579//1279 578//1279 437//1279
f 579//1280 437//1280 438//1280
f 580//1281 439//1281 440//1281
f 580//1282 440//1282 441//1282
f 580//1283 579//1283 438//1283
f 580//1284 438//1284 439//1284
f 442//1285 580//1285 441//1285
f 409//1286 580//1286 442//1286
f 613//1287 409//1287 407//1287
f 613//1288 580//1288 409//1288
f 615//1289 613//1289 407//1289
f 374//1290 647//1290 648//1290
f 374//1291 648//1291 615//1291
f 374//1292 615//1292 407//1292
f 374//1293 644//1293 645//1293
f 374//1294 645//1294 646//1294
f 374//1295 646//1295 647//1295
f 341//1296 618//1296 617//1296
f 341//1297 617//1297 619//1297
f 341//1298 619//1298 620//1298
f 341//1299 620//1299 621//1299
f 341//1300 621//1300 622//1300
f 343//1301 341//1301 622//1301
f 343//1302 622//1302 623//1302
f 373//1303 644//1303 374//1303
f 373//1304 643//1304 644//1304
f 344//1305 343//1305 623//1305
f 372//1306 643//1306 373//1306
f 345//1307 344//1307 623//1307
f 345//1308 623//1308 624//1308
f 371//1309 643//1309 372//1309
f 371//1310 642//1310 643//1310
f 346//1311 624//1311 625//1311
f 346//1312 345//1312 624//1312
f 370//1313 642//1313 371//1313
f 370//1314 641//1314 642//1314
f 347//1315 346//1315 625//1315
f 347//1316 625//1316 626//1316
f 369//1317 641//1317 370//1317
f 369//1318 640//1318 641//1318
f 348//1319 347//1319 626//1319
f 368//1320 640//1320 369//1320
f 349//1321 348//1321 626//1321
f 349//1322 626//1322 627//1322
f 367//1323 640//1323 368//1323
f 367//1324 639//1324 640//1324
f 350//1325 349//1325 627//1325
f 350//1326 627//1326 628//1326
f 366//1327 639//1327 367//1327
f 366//1328 638//1328 639//1328
f 351//1329 350//1329 628//1329
f 365//1330 638//1330 366//1330
f 352//1331 628//1331 629//1331
f 352//1332 351//1332 628//1332
f 364//1333 638//1333 365//1333
f 364//1334 637//1334 638//1334
f 353//1335 629//1335 630//1335
f 353//1336 352//1336 629//1336
f 363//1337 636//1337 637//1337
f 363//1338 637//1338 364//1338
f 354//1339 630//1339 631//1339
f 354//1340 353//1340 630//1340
f 362//1341 635//1341 636//1341
f 362//1342 636//1342 363//1342
f 355//1343 354//1343 631//1343
f 361//1344 635//1344 362//1344
f 356//1345 631//1345 632//1345
f 356//1346 355//1346 631//1346
f 360//1347 635//1347 361//1347
f 360//1348 634//1348 635//1348
f 357//1349 356//1349 632//1349
f 357//1350 632//1350 633//1350
f 359//1351 634//1351 360//1351
f 359//1352 633//1352 634//1352
f 358//1353 357//1353 633//1353
f 358//1354 633//1354 359//1354
f 341//1355 342//1355 680//1355
f 341//1356 680//1356 618//1356
